,,,,,Sensor_Package_Name,Sensor_Package_Name,Sensor_Package_Name,Sensor_Package_Name,Sensor_Package_Name
,,,,,AirBeam3:94e686611890,AirBeam3:94e686611890,AirBeam3:94e686611890,AirBeam3:94e686611890,AirBeam3:94e686611890
,,,,,Sensor_Name,Sensor_Name,Sensor_Name,Sensor_Name,Sensor_Name
,,,,,AirBeam3-F,AirBeam3-PM1,AirBeam3-PM10,AirBeam3-PM2.5,AirBeam3-RH
,,,,,Measurement_Type,Measurement_Type,Measurement_Type,Measurement_Type,Measurement_Type
,,,,,Temperature,Particulate Matter,Particulate Matter,Particulate Matter,Humidity
,,,,,Measurement_Units,Measurement_Units,Measurement_Units,Measurement_Units,Measurement_Units
,,,,,degrees Fahrenheit,micrograms per cubic meter,micrograms per cubic meter,micrograms per cubic meter,percent
ObjectID,Session_Name,Timestamp,Latitude,Longitude,1:Measurement_Value,2:Measurement_Value,3:Measurement_Value,4:Measurement_Value,5:Measurement_Value
1,testLL,2025-05-10T10:16:22.000,41.9997854,-87.6578241,65.0,0.0,0.0,0.0,43.0
2,testLL,2025-05-10T10:16:23.000,41.9997854,-87.6578241,65.0,0.0,0.0,0.0,43.0
3,testLL,2025-05-10T10:16:24.000,41.9997867,-87.6578233,65.0,0.0,0.0,0.0,43.0
4,testLL,2025-05-10T10:16:25.000,41.9997866,-87.657822,65.0,1.0,1.0,1.0,43.0
5,testLL,2025-05-10T10:16:26.000,41.9997866,-87.6578202,65.0,0.0,0.0,0.0,43.0
6,testLL,2025-05-10T10:16:27.000,41.9997845,-87.6578225,65.0,0.0,0.0,0.0,43.0
7,testLL,2025-05-10T10:16:28.000,41.9997833,-87.6578227,65.0,0.0,0.0,0.0,43.0
8,testLL,2025-05-10T10:16:29.000,41.9997842,-87.6578217,65.0,0.0,0.0,0.0,43.0
9,testLL,2025-05-10T10:16:30.000,41.9997861,-87.6578198,65.0,0.0,0.0,0.0,43.0
10,testLL,2025-05-10T10:16:31.000,41.999792,-87.6578084,65.0,0.0,0.0,0.0,43.0
11,testLL,2025-05-10T10:16:32.000,41.9997925,-87.6578076,65.0,1.0,1.0,1.0,43.0
12,testLL,2025-05-10T10:16:33.000,41.9997926,-87.6578075,65.0,0.0,0.0,0.0,43.0
13,testLL,2025-05-10T10:16:34.000,41.9997927,-87.6578075,65.0,0.0,0.0,0.0,43.0
14,testLL,2025-05-10T10:16:35.000,41.9997927,-87.6578075,65.0,0.0,0.0,0.0,43.0
15,testLL,2025-05-10T10:16:36.000,41.9997927,-87.6578075,65.0,0.0,0.0,0.0,43.0
16,testLL,2025-05-10T10:16:37.000,41.9997922,-87.6578084,65.0,0.0,0.0,0.0,43.0
17,testLL,2025-05-10T10:16:38.000,41.9997923,-87.6578085,65.0,0.0,0.0,0.0,43.0
18,testLL,2025-05-10T10:16:39.000,41.9997923,-87.6578085,65.0,1.0,1.0,1.0,43.0
19,testLL,2025-05-10T10:16:40.000,41.9997923,-87.6578085,65.0,1.0,1.0,1.0,42.0
20,testLL,2025-05-10T10:16:41.000,41.9997923,-87.6578085,65.0,0.0,0.0,0.0,42.0
21,testLL,2025-05-10T10:16:42.000,41.9997919,-87.6578096,65.0,0.0,0.0,0.0,42.0
22,testLL,2025-05-10T10:16:43.000,41.9997919,-87.6578097,66.0,0.0,0.0,0.0,42.0
23,testLL,2025-05-10T10:16:44.000,41.9997919,-87.6578097,66.0,0.0,0.0,0.0,42.0
24,testLL,2025-05-10T10:16:45.000,41.999792,-87.6578097,66.0,0.0,0.0,0.0,42.0
25,testLL,2025-05-10T10:16:46.000,41.999792,-87.6578097,66.0,1.0,1.0,1.0,42.0
26,testLL,2025-05-10T10:16:47.000,41.9997914,-87.6578109,66.0,1.0,1.0,1.0,42.0
27,testLL,2025-05-10T10:16:48.000,41.9997914,-87.6578111,66.0,1.0,1.0,1.0,42.0
28,testLL,2025-05-10T10:16:49.000,41.9997914,-87.6578111,66.0,1.0,1.0,1.0,42.0
29,testLL,2025-05-10T10:16:50.000,41.9997915,-87.6578111,66.0,1.0,1.0,1.0,42.0
30,testLL,2025-05-10T10:16:51.000,41.9997915,-87.6578111,66.0,1.0,1.0,1.0,42.0
31,testLL,2025-05-10T10:16:52.000,41.9997912,-87.657812,66.0,1.0,1.0,1.0,42.0
32,testLL,2025-05-10T10:16:53.000,41.9997912,-87.6578121,66.0,1.0,1.0,1.0,42.0
33,testLL,2025-05-10T10:16:54.000,41.9997912,-87.6578121,66.0,1.0,1.0,1.0,42.0
34,testLL,2025-05-10T10:16:55.000,41.9997912,-87.6578121,66.0,1.0,1.0,1.0,42.0
35,testLL,2025-05-10T10:16:56.000,41.9997912,-87.6578122,66.0,1.0,1.0,1.0,42.0
36,testLL,2025-05-10T10:16:57.000,41.9997907,-87.6578134,66.0,1.0,1.0,1.0,42.0
37,testLL,2025-05-10T10:16:58.000,41.9997907,-87.6578135,66.0,1.0,1.0,1.0,42.0
38,testLL,2025-05-10T10:16:59.000,41.9997907,-87.6578135,66.0,1.0,1.0,1.0,42.0
39,testLL,2025-05-10T10:17:00.000,41.9997907,-87.6578135,66.0,1.0,1.0,1.0,42.0
40,testLL,2025-05-10T10:17:01.000,41.9997907,-87.6578135,66.0,1.0,1.0,1.0,42.0
41,testLL,2025-05-10T10:17:02.000,41.9997902,-87.6578146,66.0,1.0,1.0,1.0,42.0
42,testLL,2025-05-10T10:17:03.000,41.9997902,-87.6578147,66.0,1.0,1.0,1.0,42.0
43,testLL,2025-05-10T10:17:04.000,41.9997902,-87.6578147,66.0,1.0,1.0,1.0,42.0
44,testLL,2025-05-10T10:17:05.000,41.9997902,-87.6578147,66.0,1.0,1.0,1.0,43.0
45,testLL,2025-05-10T10:17:06.000,41.9997902,-87.6578147,66.0,1.0,1.0,1.0,43.0
46,testLL,2025-05-10T10:17:07.000,41.9997898,-87.6578157,66.0,1.0,1.0,1.0,43.0
47,testLL,2025-05-10T10:17:08.000,41.9997898,-87.6578158,66.0,1.0,1.0,1.0,43.0
48,testLL,2025-05-10T10:17:09.000,41.9997897,-87.6578158,66.0,1.0,1.0,1.0,43.0
49,testLL,2025-05-10T10:17:10.000,41.9997897,-87.6578158,66.0,1.0,1.0,1.0,43.0
50,testLL,2025-05-10T10:17:11.000,41.9997898,-87.6578158,66.0,1.0,1.0,1.0,43.0
51,testLL,2025-05-10T10:17:12.000,41.9997893,-87.6578168,66.0,1.0,1.0,1.0,44.0
52,testLL,2025-05-10T10:17:13.000,41.9997893,-87.6578168,66.0,1.0,1.0,1.0,44.0
53,testLL,2025-05-10T10:17:14.000,41.9997894,-87.6578168,66.0,1.0,1.0,1.0,44.0
54,testLL,2025-05-10T10:17:15.000,41.9997894,-87.6578168,66.0,1.0,1.0,1.0,43.0
55,testLL,2025-05-10T10:17:16.000,41.999789,-87.6578176,66.0,1.0,1.0,1.0,43.0
56,testLL,2025-05-10T10:17:17.000,41.999789,-87.6578177,66.0,2.0,2.0,2.0,43.0
57,testLL,2025-05-10T10:17:18.000,41.9997891,-87.6578177,66.0,2.0,2.0,2.0,43.0
58,testLL,2025-05-10T10:17:19.000,41.9997891,-87.6578177,66.0,1.0,1.0,1.0,43.0
59,testLL,2025-05-10T10:17:20.000,41.9997891,-87.6578177,66.0,0.0,0.0,0.0,43.0
60,testLL,2025-05-10T10:17:21.000,41.9997887,-87.6578185,66.0,0.0,0.0,0.0,43.0
61,testLL,2025-05-10T10:17:22.000,41.9997887,-87.6578185,66.0,0.0,0.0,0.0,43.0
62,testLL,2025-05-10T10:17:24.000,41.9997887,-87.6578185,66.0,0.0,0.0,0.0,43.0
63,testLL,2025-05-10T10:17:25.000,41.9997887,-87.6578185,66.0,0.0,0.0,0.0,43.0
64,testLL,2025-05-10T10:17:26.000,41.9997882,-87.6578195,66.0,,,,
65,testLL,2025-05-10T10:17:26.000,41.9997887,-87.6578185,66.0,0.0,,,
66,testLL,2025-05-10T10:17:26.000,41.9997882,-87.6578195,,0.0,,,
67,testLL,2025-05-10T10:17:26.000,41.9997887,-87.6578185,,,0.0,,
68,testLL,2025-05-10T10:17:26.000,41.9997882,-87.6578195,,,0.0,0.0,
69,testLL,2025-05-10T10:17:26.000,41.9997887,-87.6578185,,,,0.0,43.0
70,testLL,2025-05-10T10:17:26.000,41.9997882,-87.6578195,,,,,43.0
71,testLL,2025-05-10T10:17:28.000,41.9997882,-87.6578196,66.0,0.0,0.0,0.0,43.0
72,testLL,2025-05-10T10:17:29.000,41.9997882,-87.6578195,66.0,0.0,0.0,0.0,43.0
73,testLL,2025-05-10T10:17:30.000,41.9997882,-87.6578195,66.0,0.0,0.0,0.0,43.0
74,testLL,2025-05-10T10:17:31.000,41.9997882,-87.6578195,66.0,0.0,0.0,0.0,42.0
75,testLL,2025-05-10T10:17:32.000,41.9997877,-87.6578204,66.0,0.0,0.0,0.0,42.0
76,testLL,2025-05-10T10:17:33.000,41.9997877,-87.6578205,66.0,0.0,0.0,0.0,42.0
77,testLL,2025-05-10T10:17:34.000,41.9997877,-87.6578205,66.0,0.0,0.0,0.0,42.0
78,testLL,2025-05-10T10:17:35.000,41.9997877,-87.6578205,66.0,0.0,0.0,0.0,43.0
79,testLL,2025-05-10T10:17:36.000,41.9997877,-87.6578205,66.0,0.0,0.0,0.0,43.0
80,testLL,2025-05-10T10:17:37.000,41.9997875,-87.6578211,66.0,0.0,0.0,0.0,43.0
81,testLL,2025-05-10T10:17:38.000,41.9997875,-87.6578211,66.0,0.0,0.0,0.0,43.0
82,testLL,2025-05-10T10:17:39.000,41.9997875,-87.6578211,66.0,0.0,0.0,0.0,43.0
83,testLL,2025-05-10T10:17:40.000,41.9997875,-87.6578211,66.0,0.0,0.0,0.0,43.0
84,testLL,2025-05-10T10:17:41.000,41.9997875,-87.6578211,66.0,0.0,0.0,0.0,43.0
85,testLL,2025-05-10T10:17:42.000,41.999787,-87.657822,66.0,0.0,0.0,0.0,43.0
86,testLL,2025-05-10T10:17:43.000,41.999787,-87.6578221,66.0,0.0,0.0,0.0,42.0
87,testLL,2025-05-10T10:17:44.000,41.9997871,-87.6578221,66.0,0.0,0.0,0.0,42.0
88,testLL,2025-05-10T10:17:45.000,41.9997871,-87.6578221,66.0,0.0,0.0,0.0,42.0
89,testLL,2025-05-10T10:17:46.000,41.9997871,-87.6578221,66.0,0.0,0.0,0.0,42.0
90,testLL,2025-05-10T10:17:47.000,41.9997865,-87.6578233,66.0,0.0,0.0,0.0,42.0
91,testLL,2025-05-10T10:17:48.000,41.9997865,-87.6578234,66.0,0.0,0.0,0.0,42.0
92,testLL,2025-05-10T10:17:49.000,41.9997865,-87.6578233,67.0,0.0,0.0,0.0,42.0
93,testLL,2025-05-10T10:17:50.000,41.9997865,-87.6578233,67.0,0.0,0.0,0.0,42.0
94,testLL,2025-05-10T10:17:51.000,41.9997865,-87.6578233,67.0,0.0,0.0,0.0,42.0
95,testLL,2025-05-10T10:17:52.000,41.9997862,-87.6578242,67.0,0.0,0.0,0.0,42.0
96,testLL,2025-05-10T10:17:53.000,41.9997862,-87.6578242,67.0,1.0,1.0,1.0,42.0
97,testLL,2025-05-10T10:17:54.000,41.9997862,-87.6578242,67.0,1.0,1.0,1.0,42.0
98,testLL,2025-05-10T10:17:55.000,41.9997862,-87.6578242,67.0,1.0,1.0,1.0,42.0
99,testLL,2025-05-10T10:17:56.000,41.9997862,-87.6578242,67.0,0.0,0.0,0.0,42.0
100,testLL,2025-05-10T10:17:57.000,41.9997858,-87.6578251,67.0,0.0,0.0,0.0,42.0
101,testLL,2025-05-10T10:17:58.000,41.9997858,-87.6578251,67.0,0.0,0.0,0.0,42.0
102,testLL,2025-05-10T10:17:59.000,41.9997858,-87.6578251,67.0,0.0,0.0,0.0,42.0
103,testLL,2025-05-10T10:18:00.000,41.9997858,-87.6578251,67.0,0.0,0.0,0.0,42.0
104,testLL,2025-05-10T10:18:01.000,41.9997859,-87.657825,67.0,0.0,0.0,0.0,42.0
105,testLL,2025-05-10T10:18:02.000,41.9997855,-87.6578259,67.0,0.0,0.0,0.0,42.0
106,testLL,2025-05-10T10:18:03.000,41.9997855,-87.657826,67.0,0.0,0.0,0.0,42.0
107,testLL,2025-05-10T10:18:04.000,41.9997855,-87.6578259,67.0,0.0,0.0,0.0,42.0
108,testLL,2025-05-10T10:18:05.000,41.9997855,-87.6578259,67.0,0.0,0.0,0.0,42.0
109,testLL,2025-05-10T10:18:06.000,41.9997855,-87.6578259,67.0,0.0,0.0,0.0,42.0
110,testLL,2025-05-10T10:18:07.000,41.9997851,-87.6578268,67.0,0.0,0.0,0.0,42.0
111,testLL,2025-05-10T10:18:08.000,41.9997851,-87.6578269,67.0,0.0,0.0,0.0,42.0
112,testLL,2025-05-10T10:18:09.000,41.9997851,-87.6578269,67.0,0.0,0.0,0.0,42.0
113,testLL,2025-05-10T10:18:10.000,41.9997851,-87.6578269,67.0,0.0,0.0,0.0,42.0
114,testLL,2025-05-10T10:18:11.000,41.9997851,-87.6578269,67.0,1.0,1.0,1.0,41.0
115,testLL,2025-05-10T10:18:12.000,41.9997848,-87.6578276,67.0,1.0,1.0,1.0,42.0
116,testLL,2025-05-10T10:18:13.000,41.9997848,-87.6578276,67.0,1.0,1.0,1.0,41.0
117,testLL,2025-05-10T10:18:14.000,41.9997848,-87.6578276,67.0,0.0,0.0,0.0,41.0
118,testLL,2025-05-10T10:18:15.000,41.9997848,-87.6578276,67.0,0.0,0.0,0.0,41.0
119,testLL,2025-05-10T10:18:16.000,41.9997848,-87.6578276,67.0,0.0,0.0,0.0,41.0
120,testLL,2025-05-10T10:18:17.000,41.9997848,-87.6578276,67.0,1.0,1.0,1.0,41.0
121,testLL,2025-05-10T10:18:18.000,41.9997848,-87.6578276,67.0,1.0,1.0,1.0,41.0
122,testLL,2025-05-10T10:18:19.000,41.9997848,-87.6578276,67.0,1.0,1.0,1.0,41.0
123,testLL,2025-05-10T10:18:20.000,41.9997848,-87.6578276,67.0,0.0,0.0,0.0,41.0
124,testLL,2025-05-10T10:18:21.000,41.9997848,-87.6578276,67.0,0.0,0.0,0.0,41.0
125,testLL,2025-05-10T10:18:22.000,41.9997848,-87.6578276,67.0,0.0,0.0,0.0,41.0
126,testLL,2025-05-10T10:18:23.000,41.9997848,-87.6578276,67.0,0.0,0.0,0.0,41.0
127,testLL,2025-05-10T10:18:24.000,41.9997848,-87.6578276,67.0,0.0,0.0,0.0,41.0
128,testLL,2025-05-10T10:18:25.000,41.9997848,-87.6578276,67.0,0.0,0.0,0.0,41.0
129,testLL,2025-05-10T10:18:26.000,41.9997848,-87.6578276,67.0,1.0,1.0,1.0,41.0
130,testLL,2025-05-10T10:18:27.000,41.9997848,-87.6578276,67.0,1.0,1.0,1.0,41.0
131,testLL,2025-05-10T10:18:28.000,41.9997848,-87.6578276,67.0,0.0,0.0,0.0,41.0
132,testLL,2025-05-10T10:18:29.000,41.9997848,-87.6578276,67.0,0.0,0.0,0.0,41.0
133,testLL,2025-05-10T10:18:30.000,41.9997848,-87.6578276,67.0,0.0,0.0,0.0,41.0
134,testLL,2025-05-10T10:18:31.000,41.9997848,-87.6578276,67.0,0.0,0.0,0.0,41.0
135,testLL,2025-05-10T10:18:32.000,41.9997848,-87.6578276,67.0,0.0,0.0,0.0,41.0
136,testLL,2025-05-10T10:18:33.000,41.9997848,-87.6578276,67.0,0.0,0.0,0.0,41.0
137,testLL,2025-05-10T10:18:34.000,41.9997848,-87.6578276,67.0,0.0,0.0,0.0,41.0
138,testLL,2025-05-10T10:18:35.000,41.9997848,-87.6578276,67.0,0.0,0.0,0.0,41.0
139,testLL,2025-05-10T10:18:36.000,41.9997848,-87.6578276,67.0,0.0,0.0,0.0,41.0
140,testLL,2025-05-10T10:18:37.000,41.9997848,-87.6578276,67.0,0.0,0.0,0.0,41.0
141,testLL,2025-05-10T10:18:38.000,41.9997848,-87.6578276,67.0,0.0,0.0,0.0,41.0
142,testLL,2025-05-10T10:18:40.000,41.9997848,-87.6578276,67.0,0.0,0.0,0.0,41.0
143,testLL,2025-05-10T10:18:42.000,41.9997848,-87.6578276,67.0,0.0,0.0,0.0,41.0
144,testLL,2025-05-10T10:18:44.000,41.9997848,-87.6578276,67.0,0.0,0.0,0.0,41.0
145,testLL,2025-05-10T10:18:46.000,41.9997848,-87.6578276,68.0,0.0,0.0,0.0,41.0
146,testLL,2025-05-10T10:18:47.000,41.9997848,-87.6578276,68.0,0.0,0.0,0.0,41.0
147,testLL,2025-05-10T10:18:48.000,41.9997848,-87.6578276,68.0,0.0,0.0,0.0,41.0
148,testLL,2025-05-10T10:18:49.000,41.9997848,-87.6578276,68.0,0.0,0.0,0.0,41.0
149,testLL,2025-05-10T10:18:50.000,41.9997848,-87.6578276,68.0,0.0,0.0,0.0,41.0
150,testLL,2025-05-10T10:18:51.000,41.9997848,-87.6578276,68.0,0.0,0.0,0.0,41.0
151,testLL,2025-05-10T10:18:52.000,41.9997848,-87.6578276,68.0,0.0,0.0,0.0,41.0
152,testLL,2025-05-10T10:18:53.000,41.9997848,-87.6578276,68.0,0.0,0.0,0.0,41.0
153,testLL,2025-05-10T10:18:54.000,41.9997848,-87.6578276,68.0,0.0,0.0,0.0,41.0
154,testLL,2025-05-10T10:18:55.000,41.9997848,-87.6578276,68.0,0.0,0.0,0.0,41.0
155,testLL,2025-05-10T10:18:56.000,41.9997848,-87.6578276,68.0,0.0,0.0,0.0,41.0
156,testLL,2025-05-10T10:18:57.000,41.9997848,-87.6578276,68.0,0.0,0.0,0.0,41.0
157,testLL,2025-05-10T10:18:58.000,41.9997848,-87.6578276,68.0,0.0,0.0,0.0,41.0
158,testLL,2025-05-10T10:18:59.000,41.9997848,-87.6578276,68.0,0.0,0.0,0.0,41.0
159,testLL,2025-05-10T10:19:00.000,41.9997848,-87.6578276,68.0,0.0,0.0,0.0,41.0
160,testLL,2025-05-10T10:19:01.000,41.9997848,-87.6578276,68.0,0.0,0.0,0.0,41.0
161,testLL,2025-05-10T10:19:02.000,41.9997848,-87.6578276,68.0,0.0,0.0,0.0,41.0
162,testLL,2025-05-10T10:19:03.000,41.9997848,-87.6578276,68.0,0.0,0.0,0.0,40.0
163,testLL,2025-05-10T10:19:04.000,41.9997848,-87.6578276,68.0,0.0,0.0,0.0,40.0
164,testLL,2025-05-10T10:19:05.000,41.9997848,-87.6578276,68.0,0.0,0.0,0.0,40.0
165,testLL,2025-05-10T10:19:06.000,41.9997848,-87.6578276,68.0,0.0,0.0,0.0,40.0
166,testLL,2025-05-10T10:19:07.000,41.9997848,-87.6578276,68.0,0.0,0.0,0.0,40.0
167,testLL,2025-05-10T10:19:08.000,41.9997848,-87.6578276,68.0,0.0,0.0,0.0,40.0
168,testLL,2025-05-10T10:19:09.000,41.9997848,-87.6578276,68.0,0.0,0.0,0.0,40.0
169,testLL,2025-05-10T10:19:10.000,41.9997848,-87.6578276,68.0,1.0,1.0,1.0,40.0
170,testLL,2025-05-10T10:19:11.000,41.9997848,-87.6578276,68.0,1.0,1.0,1.0,40.0
171,testLL,2025-05-10T10:19:12.000,41.9997848,-87.6578276,68.0,1.0,1.0,1.0,40.0
172,testLL,2025-05-10T10:19:13.000,41.9997848,-87.6578276,68.0,1.0,1.0,1.0,40.0
173,testLL,2025-05-10T10:19:14.000,41.9997848,-87.6578276,68.0,0.0,0.0,0.0,40.0
174,testLL,2025-05-10T10:19:15.000,41.9997848,-87.6578276,68.0,0.0,0.0,0.0,40.0
175,testLL,2025-05-10T10:19:16.000,41.9997848,-87.6578276,68.0,1.0,1.0,1.0,40.0
176,testLL,2025-05-10T10:19:17.000,41.9997848,-87.6578276,68.0,1.0,1.0,1.0,40.0
177,testLL,2025-05-10T10:19:18.000,41.9997848,-87.6578276,68.0,1.0,1.0,1.0,40.0
178,testLL,2025-05-10T10:19:19.000,41.9997848,-87.6578276,68.0,1.0,1.0,1.0,40.0
179,testLL,2025-05-10T10:19:20.000,41.9997848,-87.6578276,68.0,0.0,0.0,0.0,40.0
180,testLL,2025-05-10T10:19:21.000,41.9997848,-87.6578276,68.0,0.0,0.0,0.0,40.0
181,testLL,2025-05-10T10:19:22.000,41.9997848,-87.6578276,68.0,0.0,0.0,0.0,40.0
182,testLL,2025-05-10T10:19:23.000,41.9997848,-87.6578276,68.0,0.0,0.0,0.0,40.0
183,testLL,2025-05-10T10:19:24.000,41.9997848,-87.6578276,68.0,0.0,0.0,0.0,40.0
184,testLL,2025-05-10T10:19:25.000,41.9997848,-87.6578276,68.0,0.0,0.0,0.0,40.0
185,testLL,2025-05-10T10:19:26.000,41.9997848,-87.6578276,68.0,1.0,1.0,1.0,40.0
186,testLL,2025-05-10T10:19:27.000,41.9997848,-87.6578276,68.0,1.0,1.0,1.0,40.0
187,testLL,2025-05-10T10:19:28.000,41.9997848,-87.6578276,68.0,0.0,0.0,0.0,40.0
188,testLL,2025-05-10T10:19:29.000,41.9997848,-87.6578276,68.0,0.0,0.0,0.0,40.0
189,testLL,2025-05-10T10:19:30.000,41.9997848,-87.6578276,68.0,0.0,0.0,0.0,40.0
190,testLL,2025-05-10T10:19:31.000,41.9997848,-87.6578276,68.0,0.0,0.0,0.0,40.0
191,testLL,2025-05-10T10:19:32.000,41.9997848,-87.6578276,68.0,0.0,0.0,0.0,40.0
192,testLL,2025-05-10T10:19:33.000,41.9997848,-87.6578276,68.0,1.0,1.0,1.0,40.0
193,testLL,2025-05-10T10:19:34.000,41.9997848,-87.6578276,68.0,1.0,1.0,1.0,40.0
194,testLL,2025-05-10T10:19:35.000,41.9997848,-87.6578276,68.0,0.0,0.0,0.0,40.0
195,testLL,2025-05-10T10:19:36.000,41.9997848,-87.6578276,68.0,0.0,0.0,0.0,40.0
196,testLL,2025-05-10T10:19:37.000,41.9997848,-87.6578276,68.0,0.0,0.0,0.0,41.0
197,testLL,2025-05-10T10:19:38.000,41.9997848,-87.6578276,68.0,0.0,0.0,0.0,41.0
198,testLL,2025-05-10T10:19:39.000,41.9997848,-87.6578276,68.0,0.0,0.0,0.0,41.0
199,testLL,2025-05-10T10:19:40.000,41.9997848,-87.6578276,68.0,0.0,0.0,0.0,41.0
200,testLL,2025-05-10T10:19:41.000,41.9997848,-87.6578276,68.0,0.0,0.0,0.0,41.0
201,testLL,2025-05-10T10:19:42.000,41.9997848,-87.6578276,68.0,0.0,0.0,0.0,41.0
202,testLL,2025-05-10T10:19:43.000,41.9997848,-87.6578276,68.0,1.0,1.0,1.0,41.0
203,testLL,2025-05-10T10:19:44.000,41.9997848,-87.6578276,69.0,1.0,1.0,1.0,41.0
204,testLL,2025-05-10T10:19:45.000,41.9997848,-87.6578276,69.0,1.0,1.0,1.0,41.0
205,testLL,2025-05-10T10:19:46.000,41.9997848,-87.6578276,69.0,1.0,1.0,1.0,40.0
206,testLL,2025-05-10T10:19:47.000,41.9997848,-87.6578276,69.0,1.0,1.0,1.0,40.0
207,testLL,2025-05-10T10:19:48.000,41.9997848,-87.6578276,69.0,1.0,1.0,1.0,40.0
208,testLL,2025-05-10T10:19:49.000,41.9997848,-87.6578276,69.0,1.0,1.0,1.0,40.0
209,testLL,2025-05-10T10:19:50.000,41.9997848,-87.6578276,69.0,1.0,1.0,1.0,40.0
210,testLL,2025-05-10T10:19:51.000,41.9997848,-87.6578276,69.0,1.0,1.0,1.0,40.0
211,testLL,2025-05-10T10:19:52.000,41.9997848,-87.6578276,69.0,0.0,0.0,0.0,40.0
212,testLL,2025-05-10T10:19:54.000,41.9997848,-87.6578276,69.0,0.0,0.0,0.0,40.0
213,testLL,2025-05-10T10:19:56.000,41.9997848,-87.6578276,69.0,0.0,0.0,0.0,40.0
214,testLL,2025-05-10T10:19:58.000,41.9997848,-87.6578276,69.0,1.0,1.0,1.0,40.0
215,testLL,2025-05-10T10:19:59.000,41.9997848,-87.6578276,69.0,1.0,1.0,1.0,40.0
216,testLL,2025-05-10T10:20:00.000,41.9997848,-87.6578276,69.0,1.0,1.0,1.0,40.0
217,testLL,2025-05-10T10:20:01.000,41.9997848,-87.6578276,69.0,1.0,1.0,1.0,40.0
218,testLL,2025-05-10T10:20:02.000,41.9997848,-87.6578276,69.0,1.0,1.0,1.0,40.0
219,testLL,2025-05-10T10:20:03.000,41.9997848,-87.6578276,69.0,1.0,1.0,1.0,40.0
220,testLL,2025-05-10T10:20:04.000,41.9997848,-87.6578276,69.0,1.0,1.0,1.0,40.0
221,testLL,2025-05-10T10:20:05.000,41.9997848,-87.6578276,69.0,2.0,2.0,2.0,40.0
222,testLL,2025-05-10T10:20:06.000,41.9997848,-87.6578276,69.0,2.0,2.0,2.0,40.0
223,testLL,2025-05-10T10:20:07.000,41.9997848,-87.6578276,69.0,1.0,1.0,1.0,40.0
224,testLL,2025-05-10T10:20:08.000,41.9997848,-87.6578276,69.0,0.0,0.0,0.0,40.0
225,testLL,2025-05-10T10:20:09.000,41.9997848,-87.6578276,69.0,0.0,0.0,0.0,40.0
226,testLL,2025-05-10T10:20:10.000,41.9997848,-87.6578276,69.0,0.0,0.0,0.0,40.0
227,testLL,2025-05-10T10:20:11.000,41.9997848,-87.6578276,69.0,0.0,0.0,0.0,40.0
228,testLL,2025-05-10T10:20:12.000,41.9997848,-87.6578276,69.0,0.0,0.0,0.0,40.0
229,testLL,2025-05-10T10:20:13.000,41.9997848,-87.6578276,69.0,0.0,0.0,0.0,40.0
230,testLL,2025-05-10T10:20:14.000,41.9997848,-87.6578276,69.0,1.0,1.0,1.0,40.0
231,testLL,2025-05-10T10:20:15.000,41.9997848,-87.6578276,69.0,1.0,1.0,1.0,39.0
232,testLL,2025-05-10T10:20:16.000,41.9997848,-87.6578276,69.0,1.0,1.0,1.0,39.0
233,testLL,2025-05-10T10:20:17.000,41.9997848,-87.6578276,69.0,1.0,1.0,1.0,39.0
234,testLL,2025-05-10T10:20:18.000,41.9997848,-87.6578276,69.0,1.0,1.0,1.0,39.0
235,testLL,2025-05-10T10:20:19.000,41.9997848,-87.6578276,69.0,1.0,1.0,1.0,39.0
236,testLL,2025-05-10T10:20:20.000,41.9997848,-87.6578276,69.0,1.0,1.0,1.0,39.0
237,testLL,2025-05-10T10:20:21.000,41.9997848,-87.6578276,69.0,1.0,1.0,1.0,39.0
238,testLL,2025-05-10T10:20:22.000,41.9997848,-87.6578276,69.0,0.0,0.0,0.0,39.0
239,testLL,2025-05-10T10:20:23.000,41.9997848,-87.6578276,69.0,0.0,0.0,0.0,39.0
240,testLL,2025-05-10T10:20:24.000,41.9997848,-87.6578276,69.0,0.0,0.0,0.0,39.0
241,testLL,2025-05-10T10:20:25.000,41.9997848,-87.6578276,69.0,0.0,0.0,0.0,39.0
242,testLL,2025-05-10T10:20:26.000,41.9997848,-87.6578276,69.0,0.0,0.0,0.0,39.0
243,testLL,2025-05-10T10:20:27.000,41.9997848,-87.6578276,69.0,0.0,0.0,0.0,39.0
244,testLL,2025-05-10T10:20:28.000,41.9997848,-87.6578276,69.0,1.0,1.0,1.0,39.0
245,testLL,2025-05-10T10:20:29.000,41.9997848,-87.6578276,69.0,1.0,1.0,1.0,39.0
246,testLL,2025-05-10T10:20:30.000,41.9997848,-87.6578276,69.0,1.0,1.0,1.0,39.0
247,testLL,2025-05-10T10:20:31.000,41.9997848,-87.6578276,69.0,0.0,0.0,0.0,39.0
248,testLL,2025-05-10T10:20:32.000,41.9997848,-87.6578276,69.0,0.0,0.0,0.0,39.0
249,testLL,2025-05-10T10:20:33.000,41.9997848,-87.6578276,69.0,0.0,0.0,0.0,39.0
250,testLL,2025-05-10T10:20:34.000,41.9997848,-87.6578276,69.0,1.0,1.0,1.0,39.0
251,testLL,2025-05-10T10:20:35.000,41.9997848,-87.6578276,69.0,1.0,1.0,1.0,39.0
252,testLL,2025-05-10T10:20:36.000,41.9997848,-87.6578276,69.0,1.0,1.0,1.0,39.0
253,testLL,2025-05-10T10:20:37.000,41.9997848,-87.6578276,69.0,1.0,1.0,1.0,39.0
254,testLL,2025-05-10T10:20:38.000,41.9997848,-87.6578276,69.0,1.0,1.0,1.0,39.0
255,testLL,2025-05-10T10:20:39.000,41.9997848,-87.6578276,69.0,1.0,1.0,1.0,39.0
256,testLL,2025-05-10T10:20:40.000,41.9997848,-87.6578276,69.0,1.0,1.0,1.0,39.0
257,testLL,2025-05-10T10:20:41.000,41.9997848,-87.6578276,69.0,1.0,1.0,1.0,39.0
258,testLL,2025-05-10T10:20:42.000,41.9997848,-87.6578276,69.0,1.0,1.0,1.0,40.0
259,testLL,2025-05-10T10:20:43.000,41.9997848,-87.6578276,69.0,0.0,0.0,0.0,40.0
260,testLL,2025-05-10T10:20:44.000,41.9997848,-87.6578276,69.0,0.0,0.0,0.0,40.0
261,testLL,2025-05-10T10:20:45.000,41.9997848,-87.6578276,69.0,0.0,0.0,0.0,40.0
262,testLL,2025-05-10T10:20:46.000,41.9997848,-87.6578276,69.0,0.0,0.0,0.0,40.0
263,testLL,2025-05-10T10:20:47.000,41.9997848,-87.6578276,70.0,0.0,0.0,0.0,40.0
264,testLL,2025-05-10T10:20:48.000,41.9997848,-87.6578276,70.0,0.0,0.0,0.0,40.0
265,testLL,2025-05-10T10:20:49.000,41.9997848,-87.6578276,70.0,0.0,0.0,0.0,40.0
266,testLL,2025-05-10T10:20:50.000,41.9997848,-87.6578276,70.0,0.0,0.0,0.0,39.0
267,testLL,2025-05-10T10:20:51.000,41.9997848,-87.6578276,70.0,0.0,0.0,0.0,39.0
268,testLL,2025-05-10T10:20:52.000,41.9997848,-87.6578276,70.0,0.0,0.0,0.0,39.0
269,testLL,2025-05-10T10:20:53.000,41.9997848,-87.6578276,70.0,0.0,0.0,0.0,39.0
270,testLL,2025-05-10T10:20:54.000,41.9997848,-87.6578276,70.0,0.0,0.0,0.0,39.0
271,testLL,2025-05-10T10:20:55.000,41.9997848,-87.6578276,70.0,0.0,0.0,0.0,39.0
272,testLL,2025-05-10T10:20:56.000,41.9997848,-87.6578276,70.0,0.0,0.0,0.0,39.0
273,testLL,2025-05-10T10:20:57.000,41.9997848,-87.6578276,70.0,0.0,0.0,0.0,39.0
274,testLL,2025-05-10T10:20:58.000,41.9997848,-87.6578276,70.0,0.0,0.0,0.0,39.0
275,testLL,2025-05-10T10:20:59.000,41.9997848,-87.6578276,70.0,0.0,0.0,0.0,39.0
276,testLL,2025-05-10T10:21:00.000,41.9997848,-87.6578276,70.0,0.0,0.0,0.0,39.0
277,testLL,2025-05-10T10:21:01.000,41.9997848,-87.6578276,70.0,0.0,0.0,0.0,39.0
278,testLL,2025-05-10T10:21:02.000,41.9997848,-87.6578276,70.0,0.0,0.0,0.0,39.0
279,testLL,2025-05-10T10:21:03.000,41.9997848,-87.6578276,70.0,0.0,0.0,0.0,39.0
280,testLL,2025-05-10T10:21:05.000,41.9997848,-87.6578276,70.0,0.0,0.0,0.0,39.0
281,testLL,2025-05-10T10:21:07.000,41.9997848,-87.6578276,70.0,1.0,1.0,1.0,39.0
282,testLL,2025-05-10T10:21:08.000,41.9998793,-87.6578218,70.0,0.0,0.0,0.0,39.0
283,testLL,2025-05-10T10:21:09.000,41.9998792,-87.6578004,70.0,0.0,0.0,0.0,39.0
284,testLL,2025-05-10T10:21:11.000,41.9998837,-87.6578,70.0,0.0,0.0,0.0,39.0
285,testLL,2025-05-10T10:21:12.000,41.9998698,-87.6578231,70.0,0.0,0.0,0.0,39.0
286,testLL,2025-05-10T10:21:13.000,41.9998574,-87.6578202,70.0,0.0,0.0,0.0,39.0
287,testLL,2025-05-10T10:21:14.000,41.9998435,-87.6578111,70.0,0.0,0.0,0.0,39.0
288,testLL,2025-05-10T10:21:15.000,41.99983,-87.6578047,70.0,0.0,0.0,0.0,39.0
289,testLL,2025-05-10T10:21:16.000,41.9998211,-87.6578081,70.0,1.0,1.0,1.0,39.0
290,testLL,2025-05-10T10:21:17.000,41.9998143,-87.657807,70.0,1.0,1.0,1.0,39.0
291,testLL,2025-05-10T10:21:18.000,41.9998096,-87.6578101,70.0,1.0,1.0,1.0,39.0
292,testLL,2025-05-10T10:21:19.000,41.9998012,-87.6578175,70.0,0.0,0.0,0.0,39.0
293,testLL,2025-05-10T10:21:20.000,41.9997983,-87.6578194,70.0,0.0,0.0,0.0,39.0
294,testLL,2025-05-10T10:21:21.000,41.9997942,-87.657819,70.0,0.0,0.0,0.0,39.0
295,testLL,2025-05-10T10:21:22.000,41.9997921,-87.6578195,70.0,0.0,0.0,0.0,39.0
296,testLL,2025-05-10T10:21:23.000,41.9997909,-87.6578194,70.0,0.0,0.0,0.0,39.0
297,testLL,2025-05-10T10:21:24.000,41.9997893,-87.6578225,70.0,0.0,0.0,0.0,39.0
298,testLL,2025-05-10T10:21:25.000,41.9997891,-87.6578228,70.0,0.0,0.0,0.0,38.0
299,testLL,2025-05-10T10:21:26.000,41.999789,-87.6578228,70.0,0.0,0.0,0.0,38.0
300,testLL,2025-05-10T10:21:27.000,41.9997891,-87.6578227,70.0,0.0,0.0,0.0,38.0
301,testLL,2025-05-10T10:21:28.000,41.999789,-87.6578227,70.0,0.0,0.0,0.0,38.0
302,testLL,2025-05-10T10:21:29.000,41.9997875,-87.6578256,70.0,0.0,0.0,0.0,38.0
303,testLL,2025-05-10T10:21:30.000,41.9997873,-87.6578259,70.0,0.0,0.0,0.0,38.0
304,testLL,2025-05-10T10:21:31.000,41.9997873,-87.6578259,70.0,0.0,0.0,0.0,38.0
305,testLL,2025-05-10T10:21:32.000,41.9997873,-87.6578258,70.0,0.0,0.0,0.0,38.0
306,testLL,2025-05-10T10:21:33.000,41.9997872,-87.6578258,70.0,0.0,0.0,0.0,38.0
307,testLL,2025-05-10T10:21:34.000,41.9997861,-87.6578283,70.0,0.0,0.0,0.0,39.0
308,testLL,2025-05-10T10:21:35.000,41.9997857,-87.6578286,70.0,0.0,0.0,0.0,39.0
309,testLL,2025-05-10T10:21:36.000,41.9997858,-87.6578286,70.0,0.0,0.0,0.0,39.0
310,testLL,2025-05-10T10:21:37.000,41.9997858,-87.6578285,70.0,0.0,0.0,0.0,39.0
311,testLL,2025-05-10T10:21:38.000,41.9997858,-87.6578285,70.0,0.0,0.0,0.0,39.0
312,testLL,2025-05-10T10:21:39.000,41.9997849,-87.6578307,70.0,0.0,0.0,0.0,39.0
313,testLL,2025-05-10T10:21:40.000,41.9997849,-87.6578309,70.0,1.0,1.0,1.0,39.0
314,testLL,2025-05-10T10:21:41.000,41.9997849,-87.6578308,70.0,1.0,1.0,1.0,39.0
315,testLL,2025-05-10T10:21:42.000,41.9997848,-87.6578308,70.0,1.0,1.0,1.0,39.0
316,testLL,2025-05-10T10:21:43.000,41.9997848,-87.6578308,70.0,0.0,0.0,0.0,38.0
317,testLL,2025-05-10T10:21:44.000,41.9997843,-87.657832,70.0,0.0,0.0,0.0,38.0
318,testLL,2025-05-10T10:21:45.000,41.9997843,-87.6578321,70.0,0.0,0.0,0.0,38.0
319,testLL,2025-05-10T10:21:46.000,41.9997842,-87.6578321,70.0,1.0,1.0,1.0,38.0
320,testLL,2025-05-10T10:21:47.000,41.9997842,-87.6578321,70.0,0.0,0.0,0.0,38.0
321,testLL,2025-05-10T10:21:48.000,41.9997842,-87.6578321,70.0,0.0,0.0,0.0,38.0
322,testLL,2025-05-10T10:21:49.000,41.9997832,-87.6578344,70.0,0.0,0.0,0.0,38.0
323,testLL,2025-05-10T10:21:50.000,41.9997831,-87.6578346,70.0,0.0,0.0,0.0,38.0
324,testLL,2025-05-10T10:21:51.000,41.9997831,-87.6578345,70.0,0.0,0.0,0.0,38.0
325,testLL,2025-05-10T10:21:52.000,41.9997831,-87.6578345,70.0,0.0,0.0,0.0,38.0
326,testLL,2025-05-10T10:21:53.000,41.9997831,-87.6578345,70.0,0.0,0.0,0.0,38.0
327,testLL,2025-05-10T10:21:54.000,41.9997824,-87.6578361,70.0,0.0,0.0,0.0,38.0
328,testLL,2025-05-10T10:21:55.000,41.9997824,-87.6578363,70.0,0.0,0.0,0.0,38.0
329,testLL,2025-05-10T10:21:56.000,41.9997824,-87.6578361,71.0,0.0,0.0,0.0,38.0
330,testLL,2025-05-10T10:21:57.000,41.9997823,-87.6578361,71.0,0.0,0.0,0.0,38.0
331,testLL,2025-05-10T10:21:58.000,41.9997823,-87.6578362,71.0,0.0,0.0,0.0,38.0
332,testLL,2025-05-10T10:21:59.000,41.9997814,-87.6578384,71.0,0.0,0.0,0.0,38.0
333,testLL,2025-05-10T10:22:00.000,41.9997813,-87.6578386,71.0,1.0,1.0,1.0,38.0
334,testLL,2025-05-10T10:22:01.000,41.9997813,-87.6578385,71.0,1.0,1.0,1.0,38.0
335,testLL,2025-05-10T10:22:02.000,41.9997812,-87.6578384,71.0,1.0,1.0,1.0,38.0
336,testLL,2025-05-10T10:22:03.000,41.9997801,-87.6578407,71.0,1.0,1.0,1.0,38.0
337,testLL,2025-05-10T10:22:04.000,41.9997801,-87.6578407,71.0,1.0,1.0,1.0,38.0
338,testLL,2025-05-10T10:22:05.000,41.9997799,-87.6578408,71.0,1.0,1.0,1.0,38.0
339,testLL,2025-05-10T10:22:06.000,41.9997799,-87.6578408,71.0,1.0,1.0,1.0,38.0
340,testLL,2025-05-10T10:22:07.000,41.9997799,-87.6578407,71.0,1.0,1.0,1.0,38.0
341,testLL,2025-05-10T10:22:08.000,41.9997791,-87.6578426,71.0,1.0,1.0,1.0,38.0
342,testLL,2025-05-10T10:22:09.000,41.9997791,-87.6578426,71.0,2.0,2.0,2.0,38.0
343,testLL,2025-05-10T10:22:10.000,41.9997789,-87.6578425,71.0,2.0,2.0,2.0,38.0
344,testLL,2025-05-10T10:22:11.000,41.9997789,-87.6578426,71.0,1.0,1.0,1.0,38.0
345,testLL,2025-05-10T10:22:12.000,41.9997789,-87.6578425,71.0,1.0,1.0,1.0,38.0
346,testLL,2025-05-10T10:22:13.000,41.999777,-87.6578456,71.0,1.0,1.0,1.0,38.0
347,testLL,2025-05-10T10:22:14.000,41.9997768,-87.6578458,71.0,1.0,1.0,1.0,38.0
348,testLL,2025-05-10T10:22:15.000,41.9997769,-87.6578458,71.0,1.0,1.0,1.0,38.0
349,testLL,2025-05-10T10:22:17.000,41.9997768,-87.6578456,71.0,1.0,1.0,1.0,38.0
350,testLL,2025-05-10T10:22:18.000,41.9997768,-87.6578456,71.0,1.0,1.0,1.0,38.0
351,testLL,2025-05-10T10:22:19.000,41.9997751,-87.6578488,71.0,0.0,0.0,0.0,38.0
352,testLL,2025-05-10T10:22:20.000,41.9997749,-87.6578491,71.0,0.0,0.0,0.0,38.0
353,testLL,2025-05-10T10:22:21.000,41.9997749,-87.6578491,71.0,0.0,0.0,0.0,38.0
354,testLL,2025-05-10T10:22:22.000,41.9997749,-87.657849,71.0,0.0,0.0,0.0,38.0
355,testLL,2025-05-10T10:22:23.000,41.999775,-87.657849,71.0,0.0,0.0,0.0,38.0
356,testLL,2025-05-10T10:22:24.000,41.9997732,-87.657852,71.0,0.0,0.0,0.0,38.0
357,testLL,2025-05-10T10:22:25.000,41.9997731,-87.6578523,71.0,0.0,0.0,0.0,38.0
358,testLL,2025-05-10T10:22:26.000,41.9997732,-87.6578523,71.0,0.0,0.0,0.0,38.0
359,testLL,2025-05-10T10:22:27.000,41.9997727,-87.6578532,71.0,0.0,0.0,0.0,38.0
360,testLL,2025-05-10T10:22:28.000,41.9997728,-87.6578532,71.0,0.0,0.0,0.0,38.0
361,testLL,2025-05-10T10:22:29.000,41.9997721,-87.6578552,71.0,0.0,0.0,0.0,38.0
362,testLL,2025-05-10T10:22:30.000,41.9997721,-87.6578555,71.0,0.0,0.0,0.0,38.0
363,testLL,2025-05-10T10:22:31.000,41.9997721,-87.6578554,71.0,0.0,0.0,0.0,38.0
364,testLL,2025-05-10T10:22:32.000,41.9997721,-87.6578553,71.0,0.0,0.0,0.0,38.0
365,testLL,2025-05-10T10:22:33.000,41.9997721,-87.6578553,71.0,0.0,0.0,0.0,38.0
366,testLL,2025-05-10T10:22:34.000,41.9997711,-87.6578574,71.0,0.0,0.0,0.0,38.0
367,testLL,2025-05-10T10:22:35.000,41.999771,-87.6578575,71.0,0.0,0.0,0.0,38.0
368,testLL,2025-05-10T10:22:36.000,41.999771,-87.6578574,71.0,0.0,0.0,0.0,38.0
369,testLL,2025-05-10T10:22:37.000,41.9997706,-87.6578582,71.0,0.0,0.0,0.0,38.0
370,testLL,2025-05-10T10:22:38.000,41.9997705,-87.6578581,71.0,0.0,0.0,0.0,38.0
371,testLL,2025-05-10T10:22:39.000,41.9997689,-87.6578613,71.0,0.0,0.0,0.0,38.0
372,testLL,2025-05-10T10:22:40.000,41.9997683,-87.6578625,71.0,0.0,0.0,0.0,38.0
373,testLL,2025-05-10T10:22:41.000,41.9997683,-87.6578626,71.0,0.0,0.0,0.0,38.0
374,testLL,2025-05-10T10:22:42.000,41.9997683,-87.6578625,71.0,0.0,0.0,0.0,37.0
375,testLL,2025-05-10T10:22:43.000,41.9997681,-87.657863,71.0,0.0,0.0,0.0,37.0
376,testLL,2025-05-10T10:22:44.000,41.9997667,-87.6578658,71.0,0.0,0.0,0.0,37.0
377,testLL,2025-05-10T10:22:45.000,41.9997662,-87.6578666,71.0,0.0,0.0,0.0,37.0
378,testLL,2025-05-10T10:22:46.000,41.999766,-87.6578671,71.0,0.0,0.0,0.0,37.0
379,testLL,2025-05-10T10:22:47.000,41.999766,-87.6578673,71.0,0.0,0.0,0.0,37.0
380,testLL,2025-05-10T10:22:48.000,41.999766,-87.6578676,71.0,0.0,0.0,0.0,37.0
381,testLL,2025-05-10T10:22:49.000,41.9997645,-87.6578704,71.0,0.0,0.0,0.0,37.0
382,testLL,2025-05-10T10:22:50.000,41.9997641,-87.6578712,71.0,0.0,0.0,0.0,37.0
383,testLL,2025-05-10T10:22:51.000,41.9997641,-87.6578712,71.0,0.0,0.0,0.0,37.0
384,testLL,2025-05-10T10:22:52.000,41.9997641,-87.6578711,71.0,0.0,0.0,0.0,37.0
385,testLL,2025-05-10T10:22:53.000,41.9997642,-87.6578711,71.0,0.0,0.0,0.0,37.0
386,testLL,2025-05-10T10:22:54.000,41.9997634,-87.6578727,71.0,0.0,0.0,0.0,37.0
387,testLL,2025-05-10T10:22:55.000,41.9997633,-87.6578731,71.0,0.0,0.0,0.0,37.0
388,testLL,2025-05-10T10:22:56.000,41.9997634,-87.657873,71.0,0.0,0.0,0.0,37.0
389,testLL,2025-05-10T10:22:57.000,41.9997634,-87.657873,71.0,0.0,0.0,0.0,37.0
390,testLL,2025-05-10T10:22:58.000,41.9997634,-87.6578728,71.0,0.0,0.0,0.0,37.0
391,testLL,2025-05-10T10:22:59.000,41.9997619,-87.6578755,71.0,0.0,0.0,0.0,37.0
392,testLL,2025-05-10T10:23:00.000,41.9997615,-87.6578761,71.0,0.0,0.0,0.0,37.0
393,testLL,2025-05-10T10:23:01.000,41.9997614,-87.6578762,71.0,0.0,0.0,0.0,37.0
394,testLL,2025-05-10T10:23:02.000,41.9997615,-87.6578762,71.0,0.0,0.0,0.0,37.0
395,testLL,2025-05-10T10:23:03.000,41.9997616,-87.6578761,71.0,1.0,1.0,1.0,37.0
396,testLL,2025-05-10T10:23:04.000,41.9997611,-87.6578774,71.0,1.0,1.0,1.0,37.0
397,testLL,2025-05-10T10:23:05.000,41.999761,-87.6578777,71.0,1.0,1.0,1.0,37.0
398,testLL,2025-05-10T10:23:06.000,41.999761,-87.6578775,71.0,0.0,0.0,0.0,37.0
399,testLL,2025-05-10T10:23:07.000,41.999761,-87.6578774,71.0,0.0,0.0,0.0,37.0
400,testLL,2025-05-10T10:23:08.000,41.999761,-87.6578774,71.0,0.0,0.0,0.0,37.0
401,testLL,2025-05-10T10:23:09.000,41.999761,-87.6578774,71.0,1.0,1.0,1.0,37.0
402,testLL,2025-05-10T10:23:10.000,41.999761,-87.6578774,72.0,1.0,1.0,1.0,37.0
403,testLL,2025-05-10T10:23:11.000,41.999761,-87.6578774,72.0,1.0,1.0,1.0,37.0
404,testLL,2025-05-10T10:23:12.000,41.999761,-87.6578774,72.0,0.0,0.0,0.0,37.0
405,testLL,2025-05-10T10:23:13.000,41.999761,-87.6578774,72.0,0.0,0.0,0.0,37.0
406,testLL,2025-05-10T10:23:14.000,41.999761,-87.6578774,72.0,0.0,0.0,0.0,37.0
407,testLL,2025-05-10T10:23:15.000,41.999761,-87.6578774,72.0,0.0,0.0,0.0,37.0
408,testLL,2025-05-10T10:23:16.000,41.999761,-87.6578774,72.0,0.0,0.0,0.0,37.0
409,testLL,2025-05-10T10:23:17.000,41.999761,-87.6578774,72.0,0.0,0.0,0.0,37.0
410,testLL,2025-05-10T10:23:18.000,41.999761,-87.6578774,72.0,0.0,0.0,0.0,37.0
411,testLL,2025-05-10T10:23:19.000,41.999761,-87.6578774,72.0,0.0,0.0,0.0,37.0
412,testLL,2025-05-10T10:23:20.000,41.999761,-87.6578774,72.0,0.0,0.0,0.0,37.0
413,testLL,2025-05-10T10:23:21.000,41.999761,-87.6578774,72.0,0.0,0.0,0.0,37.0
414,testLL,2025-05-10T10:23:22.000,41.999761,-87.6578774,72.0,0.0,0.0,0.0,37.0
415,testLL,2025-05-10T10:23:23.000,41.999761,-87.6578774,72.0,0.0,0.0,0.0,37.0
416,testLL,2025-05-10T10:23:24.000,41.999761,-87.6578774,72.0,1.0,1.0,1.0,37.0
417,testLL,2025-05-10T10:23:25.000,41.999761,-87.6578774,72.0,2.0,2.0,2.0,37.0
418,testLL,2025-05-10T10:23:26.000,41.999761,-87.6578774,72.0,2.0,2.0,2.0,37.0
419,testLL,2025-05-10T10:23:27.000,41.999761,-87.6578774,72.0,0.0,0.0,0.0,37.0
420,testLL,2025-05-10T10:23:28.000,41.999761,-87.6578774,72.0,0.0,0.0,0.0,37.0
421,testLL,2025-05-10T10:23:29.000,41.999761,-87.6578774,72.0,0.0,0.0,0.0,37.0
422,testLL,2025-05-10T10:23:31.000,41.999761,-87.6578774,72.0,1.0,1.0,1.0,37.0
423,testLL,2025-05-10T10:23:33.000,41.999761,-87.6578774,72.0,1.0,1.0,1.0,37.0
424,testLL,2025-05-10T10:23:35.000,41.999761,-87.6578774,72.0,1.0,1.0,1.0,37.0
425,testLL,2025-05-10T10:23:37.000,41.999761,-87.6578774,72.0,1.0,1.0,1.0,37.0
426,testLL,2025-05-10T10:23:38.000,41.999761,-87.6578774,72.0,1.0,1.0,1.0,37.0
427,testLL,2025-05-10T10:23:39.000,41.999761,-87.6578774,72.0,1.0,1.0,1.0,37.0
428,testLL,2025-05-10T10:23:40.000,41.999761,-87.6578774,72.0,1.0,1.0,1.0,37.0
429,testLL,2025-05-10T10:23:41.000,41.999761,-87.6578774,72.0,1.0,1.0,1.0,37.0
430,testLL,2025-05-10T10:23:42.000,41.999761,-87.6578774,72.0,1.0,1.0,1.0,37.0
431,testLL,2025-05-10T10:23:43.000,41.999761,-87.6578774,72.0,1.0,1.0,1.0,37.0
432,testLL,2025-05-10T10:23:44.000,41.999761,-87.6578774,72.0,1.0,1.0,1.0,37.0
433,testLL,2025-05-10T10:23:45.000,41.999761,-87.6578774,72.0,1.0,1.0,1.0,37.0
434,testLL,2025-05-10T10:23:46.000,41.999761,-87.6578774,72.0,1.0,1.0,1.0,37.0
435,testLL,2025-05-10T10:23:47.000,41.999761,-87.6578774,72.0,1.0,1.0,1.0,37.0
436,testLL,2025-05-10T10:23:48.000,41.999761,-87.6578774,72.0,2.0,2.0,2.0,37.0
437,testLL,2025-05-10T10:23:49.000,41.999761,-87.6578774,72.0,2.0,2.0,2.0,37.0
438,testLL,2025-05-10T10:23:50.000,41.999761,-87.6578774,72.0,1.0,1.0,1.0,37.0
439,testLL,2025-05-10T10:23:51.000,41.999761,-87.6578774,72.0,0.0,0.0,0.0,37.0
440,testLL,2025-05-10T10:23:52.000,41.999761,-87.6578774,72.0,0.0,0.0,0.0,37.0
441,testLL,2025-05-10T10:23:53.000,41.999761,-87.6578774,72.0,0.0,0.0,0.0,37.0
442,testLL,2025-05-10T10:23:54.000,41.999761,-87.6578774,72.0,0.0,0.0,0.0,37.0
443,testLL,2025-05-10T10:23:55.000,41.999761,-87.6578774,72.0,0.0,0.0,0.0,37.0
444,testLL,2025-05-10T10:23:56.000,41.999761,-87.6578774,72.0,0.0,0.0,0.0,37.0
445,testLL,2025-05-10T10:23:57.000,41.999761,-87.6578774,72.0,0.0,0.0,0.0,37.0
446,testLL,2025-05-10T10:23:58.000,41.999761,-87.6578774,72.0,0.0,0.0,0.0,37.0
447,testLL,2025-05-10T10:23:59.000,41.999761,-87.6578774,72.0,0.0,0.0,0.0,37.0
448,testLL,2025-05-10T10:24:00.000,41.999761,-87.6578774,72.0,0.0,0.0,0.0,37.0
449,testLL,2025-05-10T10:24:01.000,41.999761,-87.6578774,72.0,0.0,0.0,0.0,37.0
450,testLL,2025-05-10T10:24:02.000,41.999761,-87.6578774,72.0,0.0,0.0,0.0,37.0
451,testLL,2025-05-10T10:24:03.000,41.999761,-87.6578774,72.0,0.0,0.0,0.0,37.0
452,testLL,2025-05-10T10:24:04.000,41.999761,-87.6578774,72.0,0.0,0.0,0.0,37.0
453,testLL,2025-05-10T10:24:05.000,41.999761,-87.6578774,72.0,0.0,0.0,0.0,37.0
454,testLL,2025-05-10T10:24:06.000,41.999761,-87.6578774,72.0,0.0,0.0,0.0,37.0
455,testLL,2025-05-10T10:24:07.000,41.999761,-87.6578774,72.0,0.0,0.0,0.0,36.0
456,testLL,2025-05-10T10:24:08.000,41.999761,-87.6578774,72.0,0.0,0.0,0.0,36.0
457,testLL,2025-05-10T10:24:09.000,41.999761,-87.6578774,72.0,1.0,1.0,1.0,36.0
458,testLL,2025-05-10T10:24:10.000,41.999761,-87.6578774,72.0,1.0,1.0,1.0,36.0
459,testLL,2025-05-10T10:24:11.000,41.999761,-87.6578774,72.0,1.0,1.0,1.0,36.0
460,testLL,2025-05-10T10:24:12.000,41.999761,-87.6578774,72.0,0.0,0.0,0.0,36.0
461,testLL,2025-05-10T10:24:13.000,41.999761,-87.6578774,72.0,0.0,0.0,0.0,36.0
462,testLL,2025-05-10T10:24:14.000,41.999761,-87.6578774,72.0,1.0,1.0,1.0,36.0
463,testLL,2025-05-10T10:24:15.000,41.999761,-87.6578774,72.0,1.0,1.0,1.0,36.0
464,testLL,2025-05-10T10:24:16.000,41.999761,-87.6578774,72.0,1.0,1.0,1.0,36.0
465,testLL,2025-05-10T10:24:17.000,41.999761,-87.6578774,72.0,1.0,1.0,1.0,36.0
466,testLL,2025-05-10T10:24:18.000,41.999761,-87.6578774,72.0,0.0,0.0,0.0,36.0
467,testLL,2025-05-10T10:24:19.000,41.999761,-87.6578774,72.0,0.0,0.0,0.0,36.0
468,testLL,2025-05-10T10:24:20.000,41.999761,-87.6578774,72.0,0.0,0.0,0.0,36.0
469,testLL,2025-05-10T10:24:21.000,41.999761,-87.6578774,72.0,1.0,1.0,1.0,36.0
470,testLL,2025-05-10T10:24:22.000,41.999761,-87.6578774,72.0,1.0,1.0,1.0,36.0
471,testLL,2025-05-10T10:24:23.000,41.999761,-87.6578774,72.0,1.0,1.0,1.0,36.0
472,testLL,2025-05-10T10:24:24.000,41.999761,-87.6578774,72.0,1.0,1.0,1.0,36.0
473,testLL,2025-05-10T10:24:25.000,41.999761,-87.6578774,72.0,1.0,1.0,1.0,36.0
474,testLL,2025-05-10T10:24:26.000,41.999761,-87.6578774,72.0,1.0,1.0,1.0,36.0
475,testLL,2025-05-10T10:24:27.000,41.999761,-87.6578774,72.0,1.0,1.0,1.0,36.0
476,testLL,2025-05-10T10:24:28.000,41.999761,-87.6578774,72.0,1.0,1.0,1.0,36.0
477,testLL,2025-05-10T10:24:29.000,41.999761,-87.6578774,72.0,1.0,1.0,1.0,36.0
478,testLL,2025-05-10T10:24:30.000,41.999761,-87.6578774,72.0,1.0,1.0,1.0,36.0
479,testLL,2025-05-10T10:24:31.000,41.999761,-87.6578774,73.0,1.0,1.0,1.0,36.0
480,testLL,2025-05-10T10:24:32.000,41.999761,-87.6578774,73.0,1.0,1.0,1.0,36.0
481,testLL,2025-05-10T10:24:33.000,41.999761,-87.6578774,73.0,1.0,1.0,1.0,36.0
482,testLL,2025-05-10T10:24:34.000,41.999761,-87.6578774,73.0,1.0,1.0,1.0,36.0
483,testLL,2025-05-10T10:24:35.000,41.999761,-87.6578774,73.0,2.0,2.0,2.0,36.0
484,testLL,2025-05-10T10:24:36.000,41.999761,-87.6578774,73.0,2.0,2.0,2.0,36.0
485,testLL,2025-05-10T10:24:37.000,41.999761,-87.6578774,73.0,2.0,2.0,2.0,36.0
486,testLL,2025-05-10T10:24:38.000,41.999761,-87.6578774,73.0,1.0,1.0,1.0,36.0
487,testLL,2025-05-10T10:24:39.000,41.999761,-87.6578774,73.0,0.0,0.0,0.0,36.0
488,testLL,2025-05-10T10:24:40.000,41.999761,-87.6578774,73.0,0.0,0.0,0.0,36.0
489,testLL,2025-05-10T10:24:41.000,41.999761,-87.6578774,73.0,1.0,1.0,1.0,36.0
490,testLL,2025-05-10T10:24:42.000,41.999761,-87.6578774,73.0,1.0,1.0,1.0,36.0
491,testLL,2025-05-10T10:24:43.000,41.999761,-87.6578774,73.0,1.0,1.0,1.0,36.0
492,testLL,2025-05-10T10:24:44.000,41.999761,-87.6578774,73.0,0.0,0.0,0.0,36.0
493,testLL,2025-05-10T10:24:45.000,41.999761,-87.6578774,73.0,0.0,0.0,0.0,36.0
494,testLL,2025-05-10T10:24:46.000,41.999761,-87.6578774,73.0,0.0,0.0,0.0,36.0
495,testLL,2025-05-10T10:24:47.000,41.999761,-87.6578774,73.0,0.0,0.0,0.0,36.0
496,testLL,2025-05-10T10:24:49.000,41.999761,-87.6578774,73.0,0.0,0.0,0.0,36.0
497,testLL,2025-05-10T10:24:51.000,41.999761,-87.6578774,73.0,0.0,0.0,0.0,36.0
498,testLL,2025-05-10T10:24:53.000,41.999761,-87.6578774,73.0,0.0,0.0,0.0,36.0
499,testLL,2025-05-10T10:24:54.000,41.999761,-87.6578774,73.0,0.0,0.0,0.0,36.0
500,testLL,2025-05-10T10:24:55.000,41.999761,-87.6578774,73.0,0.0,0.0,0.0,36.0
501,testLL,2025-05-10T10:24:56.000,41.999761,-87.6578774,73.0,0.0,0.0,0.0,36.0
502,testLL,2025-05-10T10:24:57.000,41.999761,-87.6578774,73.0,1.0,1.0,1.0,36.0
503,testLL,2025-05-10T10:24:58.000,41.999761,-87.6578774,73.0,1.0,1.0,1.0,36.0
504,testLL,2025-05-10T10:24:59.000,41.999761,-87.6578774,73.0,1.0,1.0,1.0,36.0
505,testLL,2025-05-10T10:25:00.000,41.999761,-87.6578774,73.0,1.0,1.0,1.0,36.0
506,testLL,2025-05-10T10:25:01.000,41.999761,-87.6578774,73.0,1.0,1.0,1.0,36.0
507,testLL,2025-05-10T10:25:02.000,41.999761,-87.6578774,73.0,1.0,1.0,1.0,36.0
508,testLL,2025-05-10T10:25:03.000,41.999761,-87.6578774,73.0,0.0,0.0,0.0,36.0
509,testLL,2025-05-10T10:25:04.000,41.999761,-87.6578774,73.0,0.0,0.0,0.0,36.0
510,testLL,2025-05-10T10:25:05.000,41.999761,-87.6578774,73.0,0.0,0.0,0.0,36.0
511,testLL,2025-05-10T10:25:06.000,41.999761,-87.6578774,73.0,0.0,0.0,0.0,36.0
512,testLL,2025-05-10T10:25:07.000,41.999761,-87.6578774,73.0,0.0,0.0,0.0,36.0
513,testLL,2025-05-10T10:25:08.000,41.999761,-87.6578774,73.0,1.0,1.0,1.0,36.0
514,testLL,2025-05-10T10:25:09.000,41.999761,-87.6578774,73.0,0.0,0.0,0.0,36.0
515,testLL,2025-05-10T10:25:10.000,41.999761,-87.6578774,73.0,0.0,0.0,0.0,36.0
516,testLL,2025-05-10T10:25:11.000,41.999761,-87.6578774,73.0,0.0,0.0,0.0,36.0
517,testLL,2025-05-10T10:25:12.000,41.999761,-87.6578774,73.0,0.0,0.0,0.0,36.0
518,testLL,2025-05-10T10:25:13.000,41.999761,-87.6578774,73.0,0.0,0.0,0.0,36.0
519,testLL,2025-05-10T10:25:14.000,41.999761,-87.6578774,73.0,0.0,0.0,0.0,36.0
520,testLL,2025-05-10T10:25:15.000,41.999761,-87.6578774,73.0,0.0,0.0,0.0,36.0
521,testLL,2025-05-10T10:25:16.000,41.999761,-87.6578774,73.0,0.0,0.0,0.0,36.0
522,testLL,2025-05-10T10:25:17.000,41.999761,-87.6578774,73.0,0.0,0.0,0.0,36.0
523,testLL,2025-05-10T10:25:18.000,41.999761,-87.6578774,73.0,1.0,1.0,1.0,36.0
524,testLL,2025-05-10T10:25:19.000,41.999761,-87.6578774,73.0,1.0,1.0,1.0,36.0
525,testLL,2025-05-10T10:25:20.000,41.999761,-87.6578774,73.0,1.0,1.0,1.0,36.0
526,testLL,2025-05-10T10:25:21.000,41.999761,-87.6578774,73.0,0.0,0.0,0.0,36.0
527,testLL,2025-05-10T10:25:22.000,41.999761,-87.6578774,73.0,0.0,0.0,0.0,36.0
528,testLL,2025-05-10T10:25:23.000,41.999761,-87.6578774,73.0,1.0,1.0,1.0,36.0
529,testLL,2025-05-10T10:25:24.000,41.999761,-87.6578774,73.0,1.0,1.0,1.0,36.0
530,testLL,2025-05-10T10:25:25.000,41.999761,-87.6578774,73.0,1.0,1.0,1.0,36.0
531,testLL,2025-05-10T10:25:26.000,41.999761,-87.6578774,73.0,1.0,1.0,1.0,36.0
532,testLL,2025-05-10T10:25:27.000,41.999761,-87.6578774,73.0,1.0,1.0,1.0,36.0
533,testLL,2025-05-10T10:25:28.000,41.999761,-87.6578774,73.0,1.0,1.0,1.0,36.0
534,testLL,2025-05-10T10:25:29.000,41.999761,-87.6578774,73.0,1.0,1.0,1.0,36.0
535,testLL,2025-05-10T10:25:30.000,41.999761,-87.6578774,73.0,1.0,1.0,1.0,36.0
536,testLL,2025-05-10T10:25:31.000,41.999761,-87.6578774,73.0,1.0,1.0,1.0,36.0
537,testLL,2025-05-10T10:25:32.000,41.999761,-87.6578774,73.0,0.0,0.0,0.0,36.0
538,testLL,2025-05-10T10:25:33.000,41.999761,-87.6578774,73.0,0.0,0.0,0.0,36.0
539,testLL,2025-05-10T10:25:34.000,41.999761,-87.6578774,73.0,0.0,0.0,0.0,36.0
540,testLL,2025-05-10T10:25:35.000,41.999761,-87.6578774,73.0,1.0,1.0,1.0,36.0
541,testLL,2025-05-10T10:25:36.000,41.999761,-87.6578774,73.0,1.0,1.0,1.0,36.0
542,testLL,2025-05-10T10:25:37.000,41.999761,-87.6578774,73.0,1.0,1.0,1.0,36.0
543,testLL,2025-05-10T10:25:38.000,41.999761,-87.6578774,73.0,1.0,1.0,1.0,36.0
544,testLL,2025-05-10T10:25:39.000,41.999761,-87.6578774,73.0,1.0,1.0,1.0,36.0
545,testLL,2025-05-10T10:25:40.000,41.999761,-87.6578774,73.0,1.0,1.0,1.0,36.0
546,testLL,2025-05-10T10:25:41.000,41.999761,-87.6578774,73.0,0.0,0.0,0.0,35.0
547,testLL,2025-05-10T10:25:42.000,41.999761,-87.6578774,73.0,1.0,1.0,1.0,35.0
548,testLL,2025-05-10T10:25:43.000,41.999761,-87.6578774,73.0,1.0,1.0,1.0,35.0
549,testLL,2025-05-10T10:25:44.000,41.999761,-87.6578774,73.0,1.0,1.0,1.0,35.0
550,testLL,2025-05-10T10:25:45.000,41.999761,-87.6578774,73.0,1.0,1.0,1.0,35.0
551,testLL,2025-05-10T10:25:46.000,41.999761,-87.6578774,73.0,1.0,1.0,1.0,35.0
552,testLL,2025-05-10T10:25:47.000,41.999761,-87.6578774,73.0,1.0,1.0,1.0,35.0
553,testLL,2025-05-10T10:25:48.000,41.999761,-87.6578774,73.0,1.0,1.0,1.0,35.0
554,testLL,2025-05-10T10:25:49.000,41.999761,-87.6578774,73.0,0.0,0.0,0.0,35.0
555,testLL,2025-05-10T10:25:50.000,41.999761,-87.6578774,73.0,0.0,0.0,0.0,35.0
556,testLL,2025-05-10T10:25:51.000,41.999761,-87.6578774,73.0,1.0,1.0,1.0,35.0
557,testLL,2025-05-10T10:25:52.000,41.999761,-87.6578774,73.0,1.0,1.0,1.0,35.0
558,testLL,2025-05-10T10:25:53.000,41.999761,-87.6578774,73.0,1.0,1.0,1.0,35.0
559,testLL,2025-05-10T10:25:54.000,41.999761,-87.6578774,73.0,1.0,1.0,1.0,35.0
560,testLL,2025-05-10T10:25:55.000,41.999761,-87.6578774,73.0,1.0,1.0,1.0,35.0
561,testLL,2025-05-10T10:25:56.000,41.999761,-87.6578774,73.0,0.0,0.0,0.0,35.0
562,testLL,2025-05-10T10:25:57.000,41.999761,-87.6578774,73.0,0.0,0.0,0.0,35.0
563,testLL,2025-05-10T10:25:59.000,41.999761,-87.6578774,73.0,1.0,1.0,0.0,35.0
564,testLL,2025-05-10T10:26:00.000,41.999761,-87.6578774,74.0,1.0,1.0,1.0,35.0
565,testLL,2025-05-10T10:26:02.000,41.999761,-87.6578774,73.0,0.0,0.0,0.0,35.0
566,testLL,2025-05-10T10:26:03.000,41.999761,-87.6578774,74.0,0.0,0.0,0.0,35.0
567,testLL,2025-05-10T10:26:05.000,41.999761,-87.6578774,74.0,0.0,0.0,0.0,35.0
568,testLL,2025-05-10T10:26:06.000,41.999761,-87.6578774,74.0,1.0,1.0,1.0,35.0
569,testLL,2025-05-10T10:26:07.000,41.999761,-87.6578774,74.0,1.0,1.0,1.0,35.0
570,testLL,2025-05-10T10:26:08.000,41.999761,-87.6578774,74.0,1.0,1.0,1.0,35.0
571,testLL,2025-05-10T10:26:09.000,41.999761,-87.6578774,74.0,0.0,0.0,0.0,35.0
572,testLL,2025-05-10T10:26:10.000,41.999761,-87.6578774,74.0,0.0,0.0,0.0,35.0
573,testLL,2025-05-10T10:26:11.000,41.999761,-87.6578774,74.0,0.0,0.0,0.0,35.0
574,testLL,2025-05-10T10:26:12.000,41.999761,-87.6578774,74.0,0.0,0.0,0.0,35.0
575,testLL,2025-05-10T10:26:13.000,41.999761,-87.6578774,74.0,0.0,0.0,0.0,35.0
576,testLL,2025-05-10T10:26:14.000,41.999761,-87.6578774,74.0,1.0,1.0,1.0,35.0
577,testLL,2025-05-10T10:26:15.000,41.999761,-87.6578774,74.0,1.0,1.0,1.0,35.0
578,testLL,2025-05-10T10:26:16.000,41.999761,-87.6578774,74.0,1.0,1.0,1.0,35.0
579,testLL,2025-05-10T10:26:17.000,41.999761,-87.6578774,74.0,1.0,1.0,1.0,35.0
580,testLL,2025-05-10T10:26:18.000,41.999761,-87.6578774,74.0,2.0,2.0,2.0,35.0
581,testLL,2025-05-10T10:26:19.000,41.999761,-87.6578774,74.0,2.0,2.0,2.0,35.0
582,testLL,2025-05-10T10:26:20.000,41.999761,-87.6578774,74.0,2.0,2.0,2.0,35.0
583,testLL,2025-05-10T10:26:21.000,41.999761,-87.6578774,74.0,2.0,2.0,2.0,35.0
584,testLL,2025-05-10T10:26:22.000,41.999761,-87.6578774,74.0,2.0,2.0,2.0,35.0
585,testLL,2025-05-10T10:26:23.000,41.999761,-87.6578774,74.0,2.0,2.0,2.0,35.0
586,testLL,2025-05-10T10:26:24.000,41.999761,-87.6578774,74.0,2.0,2.0,2.0,35.0
587,testLL,2025-05-10T10:26:25.000,41.999761,-87.6578774,74.0,2.0,2.0,2.0,35.0
588,testLL,2025-05-10T10:26:26.000,41.999761,-87.6578774,74.0,1.0,1.0,1.0,35.0
589,testLL,2025-05-10T10:26:27.000,41.999761,-87.6578774,74.0,0.0,0.0,0.0,35.0
590,testLL,2025-05-10T10:26:28.000,41.999761,-87.6578774,74.0,0.0,0.0,0.0,35.0
591,testLL,2025-05-10T10:26:29.000,41.999761,-87.6578774,74.0,1.0,1.0,1.0,35.0
592,testLL,2025-05-10T10:26:30.000,41.999761,-87.6578774,74.0,1.0,1.0,1.0,35.0
593,testLL,2025-05-10T10:26:31.000,41.999761,-87.6578774,74.0,1.0,1.0,1.0,35.0
594,testLL,2025-05-10T10:26:32.000,41.999761,-87.6578774,74.0,1.0,1.0,1.0,35.0
595,testLL,2025-05-10T10:26:33.000,41.999761,-87.6578774,74.0,1.0,1.0,1.0,35.0
596,testLL,2025-05-10T10:26:34.000,41.999761,-87.6578774,74.0,1.0,1.0,1.0,35.0
597,testLL,2025-05-10T10:26:35.000,41.999761,-87.6578774,74.0,1.0,1.0,1.0,35.0
598,testLL,2025-05-10T10:26:36.000,41.999761,-87.6578774,74.0,1.0,1.0,1.0,35.0
599,testLL,2025-05-10T10:26:37.000,41.999761,-87.6578774,74.0,1.0,1.0,1.0,35.0
600,testLL,2025-05-10T10:26:38.000,41.999761,-87.6578774,74.0,0.0,0.0,0.0,35.0
601,testLL,2025-05-10T10:26:39.000,41.999761,-87.6578774,74.0,0.0,0.0,0.0,35.0
602,testLL,2025-05-10T10:26:40.000,41.999761,-87.6578774,74.0,0.0,0.0,0.0,35.0
603,testLL,2025-05-10T10:26:41.000,41.999761,-87.6578774,74.0,0.0,0.0,0.0,35.0
604,testLL,2025-05-10T10:26:42.000,41.999761,-87.6578774,74.0,0.0,0.0,0.0,35.0
605,testLL,2025-05-10T10:26:43.000,41.999761,-87.6578774,74.0,0.0,0.0,0.0,35.0
606,testLL,2025-05-10T10:26:44.000,41.999761,-87.6578774,74.0,1.0,1.0,1.0,35.0
607,testLL,2025-05-10T10:26:45.000,41.999761,-87.6578774,74.0,1.0,1.0,1.0,35.0
608,testLL,2025-05-10T10:26:46.000,41.999761,-87.6578774,74.0,1.0,1.0,1.0,35.0
609,testLL,2025-05-10T10:26:47.000,41.999761,-87.6578774,74.0,1.0,1.0,1.0,35.0
610,testLL,2025-05-10T10:26:48.000,41.999761,-87.6578774,74.0,1.0,1.0,1.0,35.0
611,testLL,2025-05-10T10:26:49.000,41.999761,-87.6578774,74.0,1.0,1.0,1.0,35.0
612,testLL,2025-05-10T10:26:50.000,41.999761,-87.6578774,74.0,0.0,0.0,0.0,35.0
613,testLL,2025-05-10T10:26:51.000,41.999761,-87.6578774,74.0,0.0,0.0,0.0,35.0
614,testLL,2025-05-10T10:26:52.000,41.999761,-87.6578774,74.0,0.0,0.0,0.0,35.0
615,testLL,2025-05-10T10:26:53.000,41.999761,-87.6578774,74.0,0.0,0.0,0.0,35.0
616,testLL,2025-05-10T10:26:54.000,41.999761,-87.6578774,74.0,0.0,0.0,0.0,35.0
617,testLL,2025-05-10T10:26:55.000,41.999761,-87.6578774,74.0,1.0,1.0,1.0,35.0
618,testLL,2025-05-10T10:26:56.000,41.999761,-87.6578774,74.0,1.0,1.0,1.0,35.0
619,testLL,2025-05-10T10:26:57.000,41.999761,-87.6578774,74.0,1.0,1.0,1.0,35.0
620,testLL,2025-05-10T10:26:58.000,41.999761,-87.6578774,74.0,1.0,1.0,1.0,35.0
621,testLL,2025-05-10T10:26:59.000,41.999761,-87.6578774,74.0,1.0,1.0,1.0,35.0
622,testLL,2025-05-10T10:27:00.000,41.999761,-87.6578774,74.0,2.0,2.0,2.0,35.0
623,testLL,2025-05-10T10:27:01.000,41.999761,-87.6578774,74.0,2.0,2.0,2.0,35.0
624,testLL,2025-05-10T10:27:02.000,41.999761,-87.6578774,74.0,2.0,2.0,2.0,35.0
625,testLL,2025-05-10T10:27:03.000,41.999761,-87.6578774,74.0,2.0,2.0,2.0,35.0
626,testLL,2025-05-10T10:27:04.000,41.999761,-87.6578774,74.0,2.0,2.0,2.0,35.0
627,testLL,2025-05-10T10:27:05.000,41.999761,-87.6578774,74.0,1.0,1.0,1.0,35.0
628,testLL,2025-05-10T10:27:06.000,41.999761,-87.6578774,74.0,1.0,1.0,1.0,35.0
629,testLL,2025-05-10T10:27:07.000,41.999761,-87.6578774,74.0,2.0,2.0,2.0,35.0
630,testLL,2025-05-10T10:27:08.000,41.999761,-87.6578774,74.0,2.0,2.0,2.0,35.0
631,testLL,2025-05-10T10:27:09.000,41.999761,-87.6578774,74.0,2.0,2.0,2.0,35.0
632,testLL,2025-05-10T10:27:10.000,41.999761,-87.6578774,74.0,1.0,1.0,1.0,35.0
633,testLL,2025-05-10T10:27:11.000,41.999761,-87.6578774,74.0,1.0,1.0,1.0,35.0
634,testLL,2025-05-10T10:27:12.000,41.999761,-87.6578774,74.0,1.0,1.0,1.0,35.0
635,testLL,2025-05-10T10:27:13.000,41.999761,-87.6578774,74.0,1.0,1.0,1.0,35.0
636,testLL,2025-05-10T10:27:14.000,41.999761,-87.6578774,74.0,1.0,1.0,1.0,35.0
637,testLL,2025-05-10T10:27:15.000,41.999761,-87.6578774,74.0,0.0,0.0,0.0,35.0
638,testLL,2025-05-10T10:27:16.000,41.999761,-87.6578774,74.0,0.0,0.0,0.0,35.0
639,testLL,2025-05-10T10:27:17.000,41.999761,-87.6578774,74.0,0.0,0.0,0.0,35.0
640,testLL,2025-05-10T10:27:19.000,41.999761,-87.6578774,74.0,0.0,0.0,0.0,35.0
641,testLL,2025-05-10T10:27:21.000,41.999761,-87.6578774,74.0,0.0,0.0,0.0,35.0
642,testLL,2025-05-10T10:27:23.000,41.999761,-87.6578774,74.0,0.0,0.0,0.0,35.0
643,testLL,2025-05-10T10:27:24.000,41.999761,-87.6578774,74.0,0.0,0.0,0.0,35.0
644,testLL,2025-05-10T10:27:25.000,41.999761,-87.6578774,74.0,0.0,0.0,0.0,35.0
645,testLL,2025-05-10T10:27:26.000,41.999761,-87.6578774,74.0,0.0,0.0,0.0,35.0
646,testLL,2025-05-10T10:27:27.000,41.999761,-87.6578774,74.0,0.0,0.0,0.0,35.0
647,testLL,2025-05-10T10:27:28.000,41.999761,-87.6578774,74.0,0.0,0.0,0.0,35.0
648,testLL,2025-05-10T10:27:29.000,41.999761,-87.6578774,74.0,1.0,1.0,1.0,35.0
649,testLL,2025-05-10T10:27:30.000,41.999761,-87.6578774,74.0,0.0,0.0,0.0,35.0
650,testLL,2025-05-10T10:27:31.000,41.999761,-87.6578774,74.0,0.0,0.0,0.0,35.0
651,testLL,2025-05-10T10:27:32.000,41.999761,-87.6578774,74.0,1.0,1.0,1.0,35.0
652,testLL,2025-05-10T10:27:33.000,41.999761,-87.6578774,74.0,1.0,1.0,1.0,35.0
653,testLL,2025-05-10T10:27:34.000,41.999761,-87.6578774,74.0,0.0,0.0,0.0,35.0
654,testLL,2025-05-10T10:27:35.000,41.999761,-87.6578774,74.0,0.0,0.0,0.0,35.0
655,testLL,2025-05-10T10:27:36.000,41.999761,-87.6578774,74.0,0.0,0.0,0.0,35.0
656,testLL,2025-05-10T10:27:37.000,41.999761,-87.6578774,74.0,0.0,0.0,0.0,35.0
657,testLL,2025-05-10T10:27:38.000,41.999761,-87.6578774,74.0,0.0,0.0,0.0,35.0
658,testLL,2025-05-10T10:27:39.000,41.999761,-87.6578774,74.0,0.0,0.0,0.0,35.0
659,testLL,2025-05-10T10:27:40.000,41.999761,-87.6578774,74.0,0.0,0.0,0.0,34.0
660,testLL,2025-05-10T10:27:41.000,41.999761,-87.6578774,75.0,0.0,0.0,0.0,34.0
661,testLL,2025-05-10T10:27:42.000,41.999761,-87.6578774,74.0,0.0,0.0,0.0,34.0
662,testLL,2025-05-10T10:27:43.000,41.999761,-87.6578774,75.0,0.0,0.0,0.0,34.0
663,testLL,2025-05-10T10:27:44.000,41.999761,-87.6578774,75.0,0.0,0.0,0.0,34.0
664,testLL,2025-05-10T10:27:45.000,41.999761,-87.6578774,75.0,0.0,0.0,0.0,34.0
665,testLL,2025-05-10T10:27:46.000,41.999761,-87.6578774,75.0,0.0,0.0,0.0,34.0
666,testLL,2025-05-10T10:27:47.000,41.999761,-87.6578774,75.0,0.0,0.0,0.0,34.0
667,testLL,2025-05-10T10:27:48.000,41.999761,-87.6578774,75.0,0.0,0.0,0.0,34.0
668,testLL,2025-05-10T10:27:49.000,41.999761,-87.6578774,75.0,0.0,0.0,0.0,34.0
669,testLL,2025-05-10T10:27:50.000,41.999761,-87.6578774,75.0,0.0,0.0,0.0,34.0
670,testLL,2025-05-10T10:27:51.000,41.999761,-87.6578774,75.0,0.0,0.0,0.0,34.0
671,testLL,2025-05-10T10:27:52.000,41.999761,-87.6578774,75.0,0.0,0.0,0.0,34.0
672,testLL,2025-05-10T10:27:53.000,41.999761,-87.6578774,75.0,0.0,0.0,0.0,34.0
673,testLL,2025-05-10T10:27:54.000,41.999761,-87.6578774,75.0,0.0,0.0,0.0,34.0
674,testLL,2025-05-10T10:27:55.000,41.999761,-87.6578774,75.0,0.0,0.0,0.0,34.0
675,testLL,2025-05-10T10:27:56.000,41.999761,-87.6578774,75.0,0.0,0.0,0.0,34.0
676,testLL,2025-05-10T10:27:57.000,41.999761,-87.6578774,75.0,0.0,0.0,0.0,34.0
677,testLL,2025-05-10T10:27:58.000,41.999761,-87.6578774,75.0,0.0,0.0,0.0,34.0
678,testLL,2025-05-10T10:27:59.000,41.999761,-87.6578774,75.0,1.0,1.0,1.0,34.0
679,testLL,2025-05-10T10:28:00.000,41.999761,-87.6578774,75.0,1.0,1.0,1.0,34.0
680,testLL,2025-05-10T10:28:01.000,41.999761,-87.6578774,75.0,1.0,1.0,1.0,34.0
681,testLL,2025-05-10T10:28:02.000,41.999761,-87.6578774,75.0,1.0,1.0,1.0,34.0
682,testLL,2025-05-10T10:28:03.000,41.999761,-87.6578774,75.0,1.0,1.0,1.0,34.0
683,testLL,2025-05-10T10:28:04.000,41.999761,-87.6578774,75.0,0.0,0.0,0.0,34.0
684,testLL,2025-05-10T10:28:05.000,41.999761,-87.6578774,75.0,0.0,0.0,0.0,34.0
685,testLL,2025-05-10T10:28:06.000,41.999761,-87.6578774,75.0,0.0,0.0,0.0,34.0
686,testLL,2025-05-10T10:28:07.000,41.999761,-87.6578774,75.0,0.0,0.0,0.0,34.0
687,testLL,2025-05-10T10:28:08.000,41.999761,-87.6578774,75.0,0.0,0.0,0.0,35.0
688,testLL,2025-05-10T10:28:09.000,41.999761,-87.6578774,75.0,0.0,0.0,0.0,35.0
689,testLL,2025-05-10T10:28:10.000,41.999761,-87.6578774,75.0,1.0,1.0,1.0,35.0
690,testLL,2025-05-10T10:28:11.000,41.999761,-87.6578774,75.0,1.0,1.0,1.0,35.0
691,testLL,2025-05-10T10:28:12.000,41.999761,-87.6578774,75.0,1.0,1.0,1.0,35.0
692,testLL,2025-05-10T10:28:13.000,41.999761,-87.6578774,75.0,1.0,1.0,1.0,35.0
693,testLL,2025-05-10T10:28:14.000,41.999761,-87.6578774,75.0,0.0,0.0,0.0,35.0
694,testLL,2025-05-10T10:28:15.000,41.999761,-87.6578774,75.0,0.0,0.0,0.0,35.0
695,testLL,2025-05-10T10:28:16.000,41.999761,-87.6578774,75.0,1.0,1.0,1.0,34.0
696,testLL,2025-05-10T10:28:17.000,41.999761,-87.6578774,75.0,1.0,1.0,1.0,34.0
697,testLL,2025-05-10T10:28:18.000,41.999761,-87.6578774,75.0,1.0,1.0,1.0,34.0
698,testLL,2025-05-10T10:28:19.000,41.999761,-87.6578774,75.0,1.0,1.0,1.0,34.0
699,testLL,2025-05-10T10:28:20.000,41.999761,-87.6578774,75.0,1.0,1.0,1.0,34.0
700,testLL,2025-05-10T10:28:21.000,41.999761,-87.6578774,75.0,1.0,1.0,1.0,34.0
701,testLL,2025-05-10T10:28:22.000,41.999761,-87.6578774,75.0,1.0,1.0,1.0,34.0
702,testLL,2025-05-10T10:28:23.000,41.999761,-87.6578774,75.0,1.0,1.0,1.0,34.0
703,testLL,2025-05-10T10:28:24.000,41.999761,-87.6578774,75.0,1.0,1.0,1.0,34.0
704,testLL,2025-05-10T10:28:25.000,41.999761,-87.6578774,75.0,1.0,1.0,1.0,34.0
705,testLL,2025-05-10T10:28:26.000,41.999761,-87.6578774,75.0,1.0,1.0,1.0,34.0
706,testLL,2025-05-10T10:28:27.000,41.999761,-87.6578774,75.0,1.0,1.0,1.0,34.0
707,testLL,2025-05-10T10:28:28.000,41.999761,-87.6578774,75.0,0.0,0.0,0.0,34.0
708,testLL,2025-05-10T10:28:29.000,41.999761,-87.6578774,75.0,0.0,0.0,0.0,34.0
709,testLL,2025-05-10T10:28:30.000,41.999761,-87.6578774,75.0,0.0,0.0,0.0,34.0
710,testLL,2025-05-10T10:28:31.000,41.999761,-87.6578774,75.0,1.0,1.0,1.0,34.0
711,testLL,2025-05-10T10:28:32.000,41.999761,-87.6578774,75.0,1.0,1.0,1.0,34.0
712,testLL,2025-05-10T10:28:33.000,41.999761,-87.6578774,75.0,2.0,2.0,2.0,34.0
713,testLL,2025-05-10T10:28:34.000,41.999761,-87.6578774,75.0,2.0,2.0,2.0,34.0
714,testLL,2025-05-10T10:28:35.000,41.999761,-87.6578774,75.0,2.0,2.0,2.0,34.0
715,testLL,2025-05-10T10:28:36.000,41.999761,-87.6578774,75.0,2.0,2.0,2.0,34.0
716,testLL,2025-05-10T10:28:37.000,41.999761,-87.6578774,75.0,2.0,2.0,2.0,34.0
717,testLL,2025-05-10T10:28:39.000,41.999761,-87.6578774,75.0,2.0,2.0,2.0,34.0
718,testLL,2025-05-10T10:28:41.000,41.999761,-87.6578774,75.0,2.0,2.0,2.0,34.0
719,testLL,2025-05-10T10:28:42.000,41.999761,-87.6578774,75.0,1.0,1.0,2.0,34.0
720,testLL,2025-05-10T10:28:44.000,41.999761,-87.6578774,75.0,1.0,1.0,1.0,34.0
721,testLL,2025-05-10T10:28:45.000,41.999761,-87.6578774,75.0,1.0,1.0,1.0,34.0
722,testLL,2025-05-10T10:28:46.000,41.999761,-87.6578774,75.0,1.0,1.0,1.0,34.0
723,testLL,2025-05-10T10:28:47.000,41.999761,-87.6578774,75.0,2.0,2.0,2.0,34.0
724,testLL,2025-05-10T10:28:48.000,41.999761,-87.6578774,75.0,2.0,2.0,2.0,34.0
725,testLL,2025-05-10T10:28:49.000,41.999761,-87.6578774,75.0,2.0,2.0,2.0,34.0
726,testLL,2025-05-10T10:28:50.000,41.999761,-87.6578774,75.0,2.0,2.0,2.0,34.0
727,testLL,2025-05-10T10:28:51.000,41.999761,-87.6578774,75.0,2.0,2.0,2.0,34.0
728,testLL,2025-05-10T10:28:52.000,41.999761,-87.6578774,75.0,2.0,2.0,2.0,34.0
729,testLL,2025-05-10T10:28:53.000,41.999761,-87.6578774,75.0,0.0,0.0,0.0,34.0
730,testLL,2025-05-10T10:28:54.000,41.999761,-87.6578774,75.0,0.0,0.0,0.0,34.0
731,testLL,2025-05-10T10:28:55.000,41.999761,-87.6578774,75.0,0.0,0.0,0.0,34.0
732,testLL,2025-05-10T10:28:56.000,41.999761,-87.6578774,75.0,0.0,0.0,0.0,34.0
733,testLL,2025-05-10T10:28:57.000,41.999761,-87.6578774,75.0,0.0,0.0,0.0,34.0
734,testLL,2025-05-10T10:28:58.000,41.999761,-87.6578774,75.0,1.0,1.0,1.0,34.0
735,testLL,2025-05-10T10:28:59.000,41.999761,-87.6578774,75.0,1.0,1.0,1.0,34.0
736,testLL,2025-05-10T10:29:00.000,41.999761,-87.6578774,75.0,1.0,1.0,1.0,34.0
737,testLL,2025-05-10T10:29:01.000,41.999761,-87.6578774,75.0,1.0,1.0,1.0,34.0
738,testLL,2025-05-10T10:29:02.000,41.999761,-87.6578774,75.0,0.0,0.0,0.0,34.0
739,testLL,2025-05-10T10:29:03.000,41.999761,-87.6578774,75.0,0.0,0.0,0.0,34.0
740,testLL,2025-05-10T10:29:04.000,41.999761,-87.6578774,75.0,1.0,1.0,1.0,34.0
741,testLL,2025-05-10T10:29:05.000,41.999761,-87.6578774,75.0,1.0,1.0,1.0,34.0
742,testLL,2025-05-10T10:29:06.000,41.999761,-87.6578774,75.0,1.0,1.0,1.0,34.0
743,testLL,2025-05-10T10:29:07.000,41.999761,-87.6578774,75.0,1.0,1.0,1.0,34.0
744,testLL,2025-05-10T10:29:08.000,41.999761,-87.6578774,75.0,1.0,1.0,1.0,34.0
745,testLL,2025-05-10T10:29:09.000,41.999761,-87.6578774,75.0,1.0,1.0,1.0,34.0
746,testLL,2025-05-10T10:29:10.000,41.999761,-87.6578774,75.0,1.0,1.0,1.0,34.0
747,testLL,2025-05-10T10:29:11.000,41.999761,-87.6578774,75.0,1.0,1.0,1.0,34.0
748,testLL,2025-05-10T10:29:12.000,41.999761,-87.6578774,75.0,1.0,1.0,1.0,34.0
749,testLL,2025-05-10T10:29:13.000,41.999761,-87.6578774,75.0,1.0,1.0,1.0,34.0
750,testLL,2025-05-10T10:29:14.000,41.999761,-87.6578774,75.0,2.0,2.0,2.0,34.0
751,testLL,2025-05-10T10:29:15.000,41.999761,-87.6578774,75.0,2.0,2.0,2.0,34.0
752,testLL,2025-05-10T10:29:16.000,41.999761,-87.6578774,75.0,2.0,2.0,2.0,34.0
753,testLL,2025-05-10T10:29:17.000,41.999761,-87.6578774,75.0,2.0,2.0,2.0,34.0
754,testLL,2025-05-10T10:29:18.000,41.999761,-87.6578774,75.0,2.0,2.0,2.0,34.0
755,testLL,2025-05-10T10:29:19.000,41.999761,-87.6578774,75.0,2.0,2.0,2.0,34.0
756,testLL,2025-05-10T10:29:20.000,41.999761,-87.6578774,75.0,2.0,2.0,2.0,34.0
757,testLL,2025-05-10T10:29:21.000,41.999761,-87.6578774,75.0,2.0,2.0,2.0,34.0
758,testLL,2025-05-10T10:29:22.000,41.999761,-87.6578774,75.0,2.0,2.0,2.0,34.0
759,testLL,2025-05-10T10:29:23.000,41.999761,-87.6578774,75.0,2.0,2.0,2.0,34.0
760,testLL,2025-05-10T10:29:24.000,41.999761,-87.6578774,75.0,2.0,2.0,2.0,34.0
761,testLL,2025-05-10T10:29:25.000,41.999761,-87.6578774,75.0,2.0,2.0,2.0,34.0
762,testLL,2025-05-10T10:29:26.000,41.999761,-87.6578774,75.0,2.0,2.0,2.0,34.0
763,testLL,2025-05-10T10:29:27.000,41.999761,-87.6578774,75.0,2.0,2.0,2.0,34.0
764,testLL,2025-05-10T10:29:28.000,41.999761,-87.6578774,75.0,2.0,2.0,2.0,34.0
765,testLL,2025-05-10T10:29:29.000,41.999761,-87.6578774,75.0,2.0,2.0,2.0,34.0
766,testLL,2025-05-10T10:29:30.000,41.999761,-87.6578774,75.0,2.0,2.0,2.0,34.0
767,testLL,2025-05-10T10:29:31.000,41.999761,-87.6578774,75.0,1.0,1.0,1.0,34.0
768,testLL,2025-05-10T10:29:32.000,41.999761,-87.6578774,75.0,1.0,1.0,1.0,34.0
769,testLL,2025-05-10T10:29:33.000,41.999761,-87.6578774,75.0,1.0,1.0,1.0,34.0
770,testLL,2025-05-10T10:29:34.000,41.999761,-87.6578774,75.0,1.0,1.0,1.0,34.0
771,testLL,2025-05-10T10:29:35.000,41.999761,-87.6578774,75.0,1.0,1.0,1.0,34.0
772,testLL,2025-05-10T10:29:36.000,41.999761,-87.6578774,75.0,1.0,1.0,1.0,34.0
773,testLL,2025-05-10T10:29:37.000,41.999761,-87.6578774,75.0,1.0,1.0,1.0,34.0
774,testLL,2025-05-10T10:29:38.000,41.999761,-87.6578774,75.0,1.0,1.0,1.0,34.0
775,testLL,2025-05-10T10:29:39.000,41.999761,-87.6578774,75.0,1.0,1.0,1.0,34.0
776,testLL,2025-05-10T10:29:40.000,41.999761,-87.6578774,75.0,1.0,1.0,1.0,34.0
777,testLL,2025-05-10T10:29:41.000,41.999761,-87.6578774,75.0,0.0,0.0,0.0,34.0
778,testLL,2025-05-10T10:29:42.000,41.999761,-87.6578774,75.0,0.0,0.0,0.0,34.0
779,testLL,2025-05-10T10:29:43.000,41.999761,-87.6578774,75.0,0.0,0.0,0.0,34.0
780,testLL,2025-05-10T10:29:44.000,41.999761,-87.6578774,75.0,0.0,0.0,0.0,34.0
781,testLL,2025-05-10T10:29:45.000,41.999761,-87.6578774,75.0,0.0,0.0,0.0,34.0
782,testLL,2025-05-10T10:29:47.000,41.999761,-87.6578774,75.0,0.0,0.0,0.0,34.0
783,testLL,2025-05-10T10:29:48.000,41.999761,-87.6578774,75.0,0.0,0.0,0.0,33.0
784,testLL,2025-05-10T10:29:49.000,41.999761,-87.6578774,75.0,1.0,1.0,1.0,33.0
785,testLL,2025-05-10T10:29:50.000,41.999761,-87.6578774,75.0,1.0,1.0,1.0,33.0
786,testLL,2025-05-10T10:29:51.000,41.999761,-87.6578774,76.0,1.0,1.0,1.0,33.0
787,testLL,2025-05-10T10:29:52.000,41.999761,-87.6578774,76.0,0.0,0.0,0.0,33.0
788,testLL,2025-05-10T10:29:53.000,41.999761,-87.6578774,75.0,0.0,0.0,0.0,33.0
789,testLL,2025-05-10T10:29:54.000,41.999761,-87.6578774,75.0,0.0,0.0,0.0,33.0
790,testLL,2025-05-10T10:29:55.000,41.999761,-87.6578774,75.0,0.0,0.0,0.0,33.0
791,testLL,2025-05-10T10:29:56.000,41.999761,-87.6578774,76.0,0.0,0.0,0.0,33.0
792,testLL,2025-05-10T10:29:57.000,41.999761,-87.6578774,76.0,0.0,0.0,0.0,33.0
793,testLL,2025-05-10T10:29:58.000,41.999761,-87.6578774,76.0,0.0,0.0,0.0,33.0
794,testLL,2025-05-10T10:29:59.000,41.999761,-87.6578774,76.0,0.0,0.0,0.0,33.0
795,testLL,2025-05-10T10:30:00.000,41.999761,-87.6578774,76.0,0.0,0.0,0.0,33.0
796,testLL,2025-05-10T10:30:01.000,41.999761,-87.6578774,76.0,0.0,0.0,0.0,33.0
797,testLL,2025-05-10T10:30:02.000,41.999761,-87.6578774,76.0,0.0,0.0,0.0,33.0
798,testLL,2025-05-10T10:30:03.000,41.999761,-87.6578774,76.0,1.0,1.0,1.0,33.0
799,testLL,2025-05-10T10:30:04.000,41.999761,-87.6578774,76.0,2.0,2.0,2.0,33.0
800,testLL,2025-05-10T10:30:05.000,41.999761,-87.6578774,76.0,2.0,2.0,2.0,33.0
801,testLL,2025-05-10T10:30:06.000,41.999761,-87.6578774,76.0,2.0,2.0,2.0,33.0
802,testLL,2025-05-10T10:30:07.000,41.999761,-87.6578774,76.0,2.0,2.0,2.0,33.0
803,testLL,2025-05-10T10:30:08.000,41.999761,-87.6578774,76.0,1.0,1.0,1.0,33.0
804,testLL,2025-05-10T10:30:09.000,41.999761,-87.6578774,76.0,1.0,1.0,1.0,33.0
805,testLL,2025-05-10T10:30:10.000,41.999761,-87.6578774,76.0,2.0,2.0,2.0,33.0
806,testLL,2025-05-10T10:30:11.000,41.999761,-87.6578774,76.0,2.0,2.0,2.0,33.0
807,testLL,2025-05-10T10:30:12.000,41.999761,-87.6578774,76.0,2.0,2.0,2.0,33.0
808,testLL,2025-05-10T10:30:13.000,41.999761,-87.6578774,76.0,2.0,2.0,2.0,33.0
809,testLL,2025-05-10T10:30:14.000,41.999761,-87.6578774,76.0,2.0,2.0,2.0,33.0
810,testLL,2025-05-10T10:30:15.000,41.999761,-87.6578774,76.0,2.0,2.0,2.0,33.0
811,testLL,2025-05-10T10:30:16.000,41.999761,-87.6578774,76.0,2.0,2.0,2.0,33.0
812,testLL,2025-05-10T10:30:17.000,41.999761,-87.6578774,76.0,2.0,2.0,2.0,33.0
813,testLL,2025-05-10T10:30:18.000,41.999761,-87.6578774,76.0,2.0,2.0,2.0,33.0
814,testLL,2025-05-10T10:30:19.000,41.999761,-87.6578774,76.0,1.0,1.0,1.0,33.0
815,testLL,2025-05-10T10:30:20.000,41.999761,-87.6578774,76.0,1.0,1.0,1.0,33.0
816,testLL,2025-05-10T10:30:21.000,41.999761,-87.6578774,76.0,1.0,1.0,1.0,33.0
817,testLL,2025-05-10T10:30:22.000,41.999761,-87.6578774,76.0,1.0,1.0,1.0,33.0
818,testLL,2025-05-10T10:30:23.000,41.999761,-87.6578774,76.0,1.0,1.0,1.0,33.0
819,testLL,2025-05-10T10:30:24.000,41.999761,-87.6578774,76.0,1.0,1.0,1.0,33.0
820,testLL,2025-05-10T10:30:25.000,41.999761,-87.6578774,76.0,1.0,1.0,1.0,33.0
821,testLL,2025-05-10T10:30:26.000,41.999761,-87.6578774,76.0,1.0,1.0,1.0,33.0
822,testLL,2025-05-10T10:30:27.000,41.999761,-87.6578774,76.0,1.0,1.0,1.0,33.0
823,testLL,2025-05-10T10:30:28.000,41.999761,-87.6578774,76.0,1.0,1.0,1.0,33.0
824,testLL,2025-05-10T10:30:29.000,41.999761,-87.6578774,76.0,1.0,1.0,1.0,33.0
825,testLL,2025-05-10T10:30:30.000,41.999761,-87.6578774,76.0,1.0,1.0,1.0,33.0
826,testLL,2025-05-10T10:30:31.000,41.999761,-87.6578774,76.0,1.0,1.0,1.0,33.0
827,testLL,2025-05-10T10:30:32.000,41.999761,-87.6578774,76.0,1.0,1.0,1.0,33.0
828,testLL,2025-05-10T10:30:33.000,41.999761,-87.6578774,76.0,1.0,1.0,1.0,33.0
829,testLL,2025-05-10T10:30:34.000,41.999761,-87.6578774,76.0,0.0,0.0,0.0,33.0
830,testLL,2025-05-10T10:30:35.000,41.999761,-87.6578774,76.0,0.0,0.0,0.0,33.0
831,testLL,2025-05-10T10:30:36.000,41.999761,-87.6578774,76.0,1.0,1.0,1.0,33.0
832,testLL,2025-05-10T10:30:37.000,41.999761,-87.6578774,76.0,1.0,1.0,1.0,33.0
833,testLL,2025-05-10T10:30:38.000,41.999761,-87.6578774,76.0,1.0,1.0,1.0,33.0
834,testLL,2025-05-10T10:30:39.000,41.999761,-87.6578774,76.0,1.0,1.0,1.0,33.0
835,testLL,2025-05-10T10:30:40.000,41.999761,-87.6578774,76.0,1.0,1.0,1.0,33.0
836,testLL,2025-05-10T10:30:41.000,41.999761,-87.6578774,76.0,1.0,1.0,1.0,33.0
837,testLL,2025-05-10T10:30:42.000,41.999761,-87.6578774,76.0,0.0,0.0,0.0,33.0
838,testLL,2025-05-10T10:30:43.000,41.999761,-87.6578774,76.0,0.0,0.0,0.0,33.0
839,testLL,2025-05-10T10:30:44.000,41.999761,-87.6578774,76.0,0.0,0.0,0.0,33.0
840,testLL,2025-05-10T10:30:45.000,41.999761,-87.6578774,76.0,0.0,0.0,0.0,33.0
841,testLL,2025-05-10T10:30:46.000,41.999761,-87.6578774,76.0,0.0,0.0,0.0,33.0
842,testLL,2025-05-10T10:30:47.000,41.999761,-87.6578774,76.0,0.0,0.0,0.0,33.0
843,testLL,2025-05-10T10:30:48.000,41.999761,-87.6578774,76.0,1.0,1.0,1.0,33.0
844,testLL,2025-05-10T10:30:49.000,41.999761,-87.6578774,76.0,1.0,1.0,1.0,33.0
845,testLL,2025-05-10T10:30:50.000,41.999761,-87.6578774,76.0,1.0,1.0,1.0,33.0
846,testLL,2025-05-10T10:30:51.000,41.999761,-87.6578774,76.0,0.0,0.0,0.0,33.0
847,testLL,2025-05-10T10:30:52.000,41.999761,-87.6578774,76.0,0.0,0.0,0.0,33.0
848,testLL,2025-05-10T10:30:53.000,41.999761,-87.6578774,76.0,0.0,0.0,0.0,33.0
849,testLL,2025-05-10T10:30:54.000,41.999761,-87.6578774,76.0,0.0,0.0,0.0,33.0
850,testLL,2025-05-10T10:30:56.000,41.999761,-87.6578774,76.0,0.0,0.0,0.0,33.0
851,testLL,2025-05-10T10:30:58.000,41.999761,-87.6578774,76.0,0.0,0.0,0.0,33.0
852,testLL,2025-05-10T10:30:59.000,41.999761,-87.6578774,76.0,0.0,0.0,0.0,33.0
853,testLL,2025-05-10T10:31:01.000,41.999761,-87.6578774,76.0,1.0,1.0,1.0,33.0
854,testLL,2025-05-10T10:31:03.000,41.999761,-87.6578774,76.0,1.0,1.0,1.0,33.0
855,testLL,2025-05-10T10:31:04.000,41.999761,-87.6578774,76.0,1.0,1.0,1.0,33.0
856,testLL,2025-05-10T10:31:05.000,41.999761,-87.6578774,76.0,1.0,1.0,1.0,33.0
857,testLL,2025-05-10T10:31:06.000,41.999761,-87.6578774,76.0,1.0,1.0,1.0,33.0
858,testLL,2025-05-10T10:31:07.000,41.999761,-87.6578774,76.0,1.0,1.0,1.0,33.0
859,testLL,2025-05-10T10:31:08.000,41.999761,-87.6578774,76.0,1.0,1.0,1.0,33.0
860,testLL,2025-05-10T10:31:09.000,41.999761,-87.6578774,76.0,1.0,1.0,1.0,33.0
861,testLL,2025-05-10T10:31:10.000,41.999761,-87.6578774,76.0,1.0,1.0,1.0,33.0
862,testLL,2025-05-10T10:31:11.000,41.999761,-87.6578774,76.0,1.0,1.0,1.0,33.0
863,testLL,2025-05-10T10:31:12.000,41.999761,-87.6578774,76.0,1.0,1.0,1.0,33.0
864,testLL,2025-05-10T10:31:13.000,41.999761,-87.6578774,76.0,0.0,0.0,0.0,33.0
865,testLL,2025-05-10T10:31:14.000,41.999761,-87.6578774,76.0,0.0,0.0,0.0,33.0
866,testLL,2025-05-10T10:31:15.000,41.999761,-87.6578774,76.0,0.0,0.0,0.0,33.0
867,testLL,2025-05-10T10:31:16.000,41.999761,-87.6578774,76.0,0.0,0.0,0.0,33.0
868,testLL,2025-05-10T10:31:17.000,41.999761,-87.6578774,76.0,0.0,0.0,0.0,33.0
869,testLL,2025-05-10T10:31:18.000,41.999761,-87.6578774,76.0,0.0,0.0,0.0,33.0
870,testLL,2025-05-10T10:31:19.000,41.999761,-87.6578774,76.0,0.0,0.0,0.0,33.0
871,testLL,2025-05-10T10:31:20.000,41.999761,-87.6578774,76.0,0.0,0.0,0.0,33.0
872,testLL,2025-05-10T10:31:21.000,41.999761,-87.6578774,76.0,1.0,1.0,1.0,33.0
873,testLL,2025-05-10T10:31:22.000,41.999761,-87.6578774,76.0,1.0,1.0,1.0,33.0
874,testLL,2025-05-10T10:31:23.000,41.999761,-87.6578774,76.0,1.0,1.0,1.0,33.0
875,testLL,2025-05-10T10:31:24.000,41.999761,-87.6578774,76.0,0.0,0.0,0.0,33.0
876,testLL,2025-05-10T10:31:25.000,41.999761,-87.6578774,76.0,0.0,0.0,0.0,33.0
877,testLL,2025-05-10T10:31:26.000,41.999761,-87.6578774,76.0,0.0,0.0,0.0,33.0
878,testLL,2025-05-10T10:31:27.000,41.999761,-87.6578774,76.0,1.0,1.0,1.0,33.0
879,testLL,2025-05-10T10:31:28.000,41.999761,-87.6578774,76.0,1.0,1.0,1.0,33.0
880,testLL,2025-05-10T10:31:29.000,41.999761,-87.6578774,76.0,1.0,1.0,1.0,33.0
881,testLL,2025-05-10T10:31:30.000,41.999761,-87.6578774,76.0,1.0,1.0,1.0,33.0
882,testLL,2025-05-10T10:31:31.000,41.999761,-87.6578774,76.0,1.0,1.0,1.0,33.0
883,testLL,2025-05-10T10:31:32.000,41.999761,-87.6578774,76.0,1.0,1.0,1.0,33.0
884,testLL,2025-05-10T10:31:33.000,41.999761,-87.6578774,76.0,1.0,1.0,1.0,33.0
885,testLL,2025-05-10T10:31:34.000,41.999761,-87.6578774,76.0,1.0,1.0,1.0,33.0
886,testLL,2025-05-10T10:31:35.000,41.999761,-87.6578774,76.0,1.0,1.0,1.0,33.0
887,testLL,2025-05-10T10:31:36.000,41.999761,-87.6578774,76.0,1.0,1.0,1.0,33.0
888,testLL,2025-05-10T10:31:37.000,41.999761,-87.6578774,76.0,1.0,1.0,1.0,33.0
889,testLL,2025-05-10T10:31:38.000,41.999761,-87.6578774,76.0,1.0,1.0,1.0,33.0
890,testLL,2025-05-10T10:31:39.000,41.999761,-87.6578774,76.0,1.0,1.0,1.0,33.0
891,testLL,2025-05-10T10:31:40.000,41.999761,-87.6578774,76.0,1.0,1.0,1.0,33.0
892,testLL,2025-05-10T10:31:41.000,41.999761,-87.6578774,76.0,1.0,1.0,1.0,33.0
893,testLL,2025-05-10T10:31:42.000,41.999761,-87.6578774,76.0,1.0,1.0,1.0,33.0
894,testLL,2025-05-10T10:31:43.000,41.999761,-87.6578774,76.0,1.0,1.0,1.0,33.0
895,testLL,2025-05-10T10:31:44.000,41.999761,-87.6578774,76.0,1.0,1.0,1.0,33.0
896,testLL,2025-05-10T10:31:45.000,41.999761,-87.6578774,76.0,1.0,1.0,1.0,33.0
897,testLL,2025-05-10T10:31:46.000,41.999761,-87.6578774,76.0,1.0,1.0,1.0,33.0
898,testLL,2025-05-10T10:31:47.000,41.999761,-87.6578774,76.0,1.0,1.0,1.0,33.0
899,testLL,2025-05-10T10:31:48.000,41.999761,-87.6578774,76.0,1.0,1.0,1.0,33.0
900,testLL,2025-05-10T10:31:49.000,41.999761,-87.6578774,76.0,1.0,1.0,1.0,33.0
901,testLL,2025-05-10T10:31:50.000,41.999761,-87.6578774,76.0,1.0,1.0,1.0,33.0
902,testLL,2025-05-10T10:31:51.000,41.999761,-87.6578774,76.0,1.0,1.0,1.0,33.0
903,testLL,2025-05-10T10:31:52.000,41.999761,-87.6578774,76.0,1.0,1.0,1.0,33.0
904,testLL,2025-05-10T10:31:53.000,41.999761,-87.6578774,76.0,1.0,1.0,1.0,33.0
905,testLL,2025-05-10T10:31:54.000,41.999761,-87.6578774,76.0,0.0,0.0,0.0,33.0
906,testLL,2025-05-10T10:31:55.000,41.999761,-87.6578774,76.0,0.0,0.0,0.0,33.0
907,testLL,2025-05-10T10:31:56.000,41.999761,-87.6578774,76.0,0.0,0.0,0.0,33.0
908,testLL,2025-05-10T10:31:57.000,41.999761,-87.6578774,76.0,1.0,1.0,1.0,33.0
909,testLL,2025-05-10T10:31:58.000,41.999761,-87.6578774,76.0,1.0,1.0,1.0,33.0
910,testLL,2025-05-10T10:31:59.000,41.999761,-87.6578774,76.0,1.0,1.0,1.0,33.0
911,testLL,2025-05-10T10:32:00.000,41.999761,-87.6578774,76.0,1.0,1.0,1.0,33.0
912,testLL,2025-05-10T10:32:01.000,41.999761,-87.6578774,76.0,1.0,1.0,1.0,33.0
913,testLL,2025-05-10T10:32:02.000,41.999761,-87.6578774,76.0,0.0,0.0,0.0,33.0
914,testLL,2025-05-10T10:32:03.000,41.999761,-87.6578774,76.0,0.0,0.0,0.0,33.0
915,testLL,2025-05-10T10:32:04.000,41.999761,-87.6578774,76.0,0.0,0.0,0.0,33.0
916,testLL,2025-05-10T10:32:05.000,41.999761,-87.6578774,76.0,0.0,0.0,0.0,33.0
917,testLL,2025-05-10T10:32:06.000,41.999761,-87.6578774,76.0,0.0,0.0,0.0,33.0
918,testLL,2025-05-10T10:32:07.000,41.999761,-87.6578774,76.0,0.0,0.0,0.0,33.0
919,testLL,2025-05-10T10:32:08.000,41.999761,-87.6578774,76.0,0.0,0.0,0.0,33.0
920,testLL,2025-05-10T10:32:09.000,41.999761,-87.6578774,76.0,0.0,0.0,0.0,33.0
921,testLL,2025-05-10T10:32:10.000,41.999761,-87.6578774,76.0,0.0,0.0,0.0,33.0
922,testLL,2025-05-10T10:32:12.000,41.999761,-87.6578774,76.0,0.0,1.0,0.0,33.0
923,testLL,2025-05-10T10:32:13.000,41.999761,-87.6578774,76.0,1.0,1.0,1.0,33.0
924,testLL,2025-05-10T10:32:15.000,41.999761,-87.6578774,76.0,1.0,1.0,1.0,32.0
925,testLL,2025-05-10T10:32:17.000,41.999761,-87.6578774,77.0,1.0,1.0,1.0,32.0
926,testLL,2025-05-10T10:32:19.000,41.999761,-87.6578774,77.0,1.0,1.0,1.0,32.0
927,testLL,2025-05-10T10:32:20.000,41.999761,-87.6578774,77.0,1.0,1.0,1.0,32.0
928,testLL,2025-05-10T10:32:21.000,41.999761,-87.6578774,77.0,1.0,1.0,1.0,32.0
929,testLL,2025-05-10T10:32:22.000,41.999761,-87.6578774,77.0,1.0,1.0,1.0,32.0
930,testLL,2025-05-10T10:32:23.000,41.999761,-87.6578774,77.0,1.0,1.0,1.0,32.0
931,testLL,2025-05-10T10:32:24.000,41.999761,-87.6578774,77.0,1.0,1.0,1.0,32.0
932,testLL,2025-05-10T10:32:25.000,41.999761,-87.6578774,77.0,1.0,1.0,1.0,32.0
933,testLL,2025-05-10T10:32:26.000,41.999761,-87.6578774,77.0,1.0,1.0,1.0,32.0
934,testLL,2025-05-10T10:32:27.000,41.999761,-87.6578774,77.0,1.0,1.0,1.0,32.0
935,testLL,2025-05-10T10:32:28.000,41.999761,-87.6578774,77.0,1.0,1.0,1.0,32.0
936,testLL,2025-05-10T10:32:29.000,41.999761,-87.6578774,77.0,1.0,1.0,1.0,32.0
937,testLL,2025-05-10T10:32:30.000,41.999761,-87.6578774,77.0,1.0,1.0,1.0,32.0
938,testLL,2025-05-10T10:32:31.000,41.999761,-87.6578774,77.0,1.0,1.0,1.0,32.0
939,testLL,2025-05-10T10:32:32.000,41.999761,-87.6578774,77.0,1.0,1.0,1.0,32.0
940,testLL,2025-05-10T10:32:33.000,41.999761,-87.6578774,77.0,1.0,1.0,1.0,32.0
941,testLL,2025-05-10T10:32:34.000,41.999761,-87.6578774,77.0,1.0,1.0,1.0,32.0
942,testLL,2025-05-10T10:32:35.000,41.999761,-87.6578774,77.0,1.0,1.0,1.0,32.0
943,testLL,2025-05-10T10:32:36.000,41.999761,-87.6578774,77.0,1.0,1.0,1.0,32.0
944,testLL,2025-05-10T10:32:37.000,41.999761,-87.6578774,77.0,1.0,1.0,1.0,32.0
945,testLL,2025-05-10T10:32:38.000,41.999761,-87.6578774,77.0,1.0,1.0,1.0,32.0
946,testLL,2025-05-10T10:32:39.000,41.999761,-87.6578774,77.0,1.0,1.0,1.0,32.0
947,testLL,2025-05-10T10:32:40.000,41.999761,-87.6578774,77.0,1.0,1.0,1.0,32.0
948,testLL,2025-05-10T10:32:41.000,41.999761,-87.6578774,77.0,1.0,1.0,1.0,32.0
949,testLL,2025-05-10T10:32:42.000,41.999761,-87.6578774,77.0,0.0,0.0,0.0,32.0
950,testLL,2025-05-10T10:32:43.000,41.999761,-87.6578774,77.0,0.0,0.0,0.0,32.0
951,testLL,2025-05-10T10:32:44.000,41.999761,-87.6578774,77.0,0.0,0.0,0.0,32.0
952,testLL,2025-05-10T10:32:45.000,41.999761,-87.6578774,77.0,1.0,1.0,1.0,32.0
953,testLL,2025-05-10T10:32:46.000,41.999761,-87.6578774,77.0,1.0,1.0,1.0,32.0
954,testLL,2025-05-10T10:32:47.000,41.999761,-87.6578774,77.0,1.0,1.0,1.0,32.0
955,testLL,2025-05-10T10:32:48.000,41.999761,-87.6578774,77.0,1.0,1.0,1.0,32.0
956,testLL,2025-05-10T10:32:49.000,41.999761,-87.6578774,77.0,1.0,1.0,1.0,32.0
957,testLL,2025-05-10T10:32:50.000,41.999761,-87.6578774,77.0,1.0,1.0,1.0,32.0
958,testLL,2025-05-10T10:32:51.000,41.999761,-87.6578774,77.0,1.0,1.0,1.0,32.0
959,testLL,2025-05-10T10:32:52.000,41.999761,-87.6578774,77.0,1.0,1.0,1.0,32.0
960,testLL,2025-05-10T10:32:53.000,41.999761,-87.6578774,77.0,1.0,1.0,1.0,32.0
961,testLL,2025-05-10T10:32:54.000,41.999761,-87.6578774,77.0,1.0,1.0,1.0,32.0
962,testLL,2025-05-10T10:32:55.000,41.999761,-87.6578774,77.0,1.0,1.0,1.0,32.0
963,testLL,2025-05-10T10:32:56.000,41.999761,-87.6578774,77.0,0.0,0.0,0.0,32.0
964,testLL,2025-05-10T10:32:57.000,41.999761,-87.6578774,77.0,0.0,0.0,0.0,32.0
965,testLL,2025-05-10T10:32:58.000,41.999761,-87.6578774,77.0,0.0,0.0,0.0,32.0
966,testLL,2025-05-10T10:32:59.000,41.999761,-87.6578774,77.0,0.0,0.0,0.0,32.0
967,testLL,2025-05-10T10:33:00.000,41.999761,-87.6578774,77.0,0.0,0.0,0.0,32.0
968,testLL,2025-05-10T10:33:01.000,41.999761,-87.6578774,77.0,0.0,0.0,0.0,32.0
969,testLL,2025-05-10T10:33:02.000,41.999761,-87.6578774,77.0,0.0,0.0,0.0,32.0
970,testLL,2025-05-10T10:33:03.000,41.999761,-87.6578774,77.0,0.0,0.0,0.0,32.0
971,testLL,2025-05-10T10:33:04.000,41.999761,-87.6578774,77.0,0.0,0.0,0.0,32.0
972,testLL,2025-05-10T10:33:05.000,41.999761,-87.6578774,77.0,0.0,0.0,0.0,32.0
973,testLL,2025-05-10T10:33:06.000,41.999761,-87.6578774,77.0,1.0,1.0,1.0,32.0
974,testLL,2025-05-10T10:33:07.000,41.999761,-87.6578774,77.0,1.0,1.0,1.0,32.0
975,testLL,2025-05-10T10:33:08.000,41.999761,-87.6578774,77.0,0.0,0.0,0.0,32.0
976,testLL,2025-05-10T10:33:09.000,41.999761,-87.6578774,77.0,1.0,1.0,1.0,32.0
977,testLL,2025-05-10T10:33:10.000,41.999761,-87.6578774,77.0,1.0,1.0,1.0,32.0
978,testLL,2025-05-10T10:33:11.000,41.999761,-87.6578774,77.0,0.0,0.0,0.0,32.0
979,testLL,2025-05-10T10:33:12.000,41.999761,-87.6578774,77.0,0.0,0.0,0.0,32.0
980,testLL,2025-05-10T10:33:13.000,41.999761,-87.6578774,77.0,0.0,0.0,0.0,32.0
981,testLL,2025-05-10T10:33:14.000,41.999761,-87.6578774,77.0,1.0,1.0,1.0,32.0
982,testLL,2025-05-10T10:33:15.000,41.999761,-87.6578774,77.0,1.0,1.0,1.0,32.0
983,testLL,2025-05-10T10:33:16.000,41.999761,-87.6578774,77.0,1.0,1.0,1.0,32.0
984,testLL,2025-05-10T10:33:17.000,41.999761,-87.6578774,77.0,0.0,0.0,0.0,32.0
985,testLL,2025-05-10T10:33:18.000,41.999761,-87.6578774,77.0,0.0,0.0,0.0,32.0
986,testLL,2025-05-10T10:33:19.000,41.999761,-87.6578774,77.0,0.0,0.0,0.0,32.0
987,testLL,2025-05-10T10:33:20.000,41.999761,-87.6578774,77.0,0.0,0.0,0.0,32.0
988,testLL,2025-05-10T10:33:21.000,41.999761,-87.6578774,77.0,0.0,0.0,0.0,32.0
989,testLL,2025-05-10T10:33:22.000,41.999761,-87.6578774,77.0,0.0,0.0,0.0,32.0
990,testLL,2025-05-10T10:33:23.000,41.999761,-87.6578774,77.0,1.0,1.0,1.0,32.0
991,testLL,2025-05-10T10:33:24.000,41.999761,-87.6578774,77.0,1.0,1.0,1.0,32.0
992,testLL,2025-05-10T10:33:25.000,41.999761,-87.6578774,77.0,1.0,1.0,1.0,32.0
993,testLL,2025-05-10T10:33:26.000,41.999761,-87.6578774,77.0,1.0,1.0,1.0,32.0
994,testLL,2025-05-10T10:33:27.000,41.999761,-87.6578774,77.0,1.0,1.0,1.0,32.0
995,testLL,2025-05-10T10:33:28.000,41.999761,-87.6578774,77.0,1.0,1.0,1.0,32.0
996,testLL,2025-05-10T10:33:29.000,41.999761,-87.6578774,77.0,2.0,2.0,2.0,32.0
997,testLL,2025-05-10T10:33:30.000,41.999761,-87.6578774,77.0,2.0,2.0,2.0,32.0
998,testLL,2025-05-10T10:33:31.000,41.999761,-87.6578774,77.0,2.0,2.0,2.0,32.0
999,testLL,2025-05-10T10:33:32.000,41.999761,-87.6578774,77.0,2.0,2.0,2.0,32.0
1000,testLL,2025-05-10T10:33:33.000,41.999761,-87.6578774,77.0,2.0,2.0,2.0,32.0
1001,testLL,2025-05-10T10:33:35.000,41.999761,-87.6578774,77.0,2.0,2.0,2.0,32.0
1002,testLL,2025-05-10T10:33:37.000,41.999761,-87.6578774,77.0,2.0,2.0,2.0,32.0
1003,testLL,2025-05-10T10:33:38.000,41.999761,-87.6578774,77.0,2.0,2.0,2.0,32.0
1004,testLL,2025-05-10T10:33:39.000,41.999761,-87.6578774,77.0,2.0,2.0,2.0,32.0
1005,testLL,2025-05-10T10:33:40.000,41.999761,-87.6578774,77.0,2.0,2.0,2.0,32.0
1006,testLL,2025-05-10T10:33:41.000,41.999761,-87.6578774,77.0,2.0,2.0,2.0,32.0
1007,testLL,2025-05-10T10:33:42.000,41.999761,-87.6578774,77.0,1.0,1.0,1.0,32.0
1008,testLL,2025-05-10T10:33:43.000,41.999761,-87.6578774,77.0,1.0,1.0,1.0,32.0
1009,testLL,2025-05-10T10:33:45.000,41.999761,-87.6578774,77.0,2.0,2.0,2.0,32.0
1010,testLL,2025-05-10T10:33:46.000,41.999761,-87.6578774,77.0,2.0,2.0,2.0,32.0
1011,testLL,2025-05-10T10:33:47.000,41.999761,-87.6578774,77.0,2.0,2.0,2.0,32.0
